Identity,Group
1,3
2,2
3,5
4,5
5,5
6,4
7,4
8,5
9,0
10,0
11,2
12,5
13,5
14,5
15,4
16,5
17,5
18,5
19,5
20,5
21,5
22,2
23,5
24,2
25,2
26,5
27,5
28,5
29,5
30,5
31,5
32,5
33,4
34,4
35,5
36,3
37,5
38,5
39,2
40,5
41,5
42,2
43,2
44,5
45,5
46,5
47,5
48,5
49,5
50,5
51,5
52,5
53,4
54,5
55,5
56,3
57,5
58,5
59,5
60,5
61,4
62,5
63,5
64,5
65,5
66,5
67,2
68,2
69,2
70,5
71,2
72,2
73,2
74,5
75,5
76,4
77,3
78,5
79,5
80,2
81,4
82,5
83,4
84,4
85,5
86,5
87,5
88,5
89,5
90,2
91,2
92,2
93,2
94,5
95,5
96,4
97,2
98,2
99,2
100,2
101,5
102,5
103,5
104,2
105,2
106,2
107,2
108,2
109,2
110,2
111,2
112,2
113,2
114,2
115,2
116,3
117,3
118,2
119,2
120,5
121,5
122,5
123,5
124,2
125,5
126,3
127,5
128,5
129,5
130,5
131,5
132,3
133,2
134,0
135,2
136,0
137,0
138,2
139,0
140,0
141,5
142,5
143,0
144,2
145,2
146,2
148,0
149,2
150,2
151,5
152,5
154,5
155,2
156,2
157,4
158,3
159,5
160,0
161,3
162,3
163,4
164,5
165,5
166,5
167,5
168,5
169,4
170,5
171,4
172,4
173,4
174,5
175,5
176,5
177,5
178,4
179,5
180,2
181,5
182,5
183,5
184,5
185,5
186,5
187,5
188,2
189,2
190,2
191,4
192,5
193,5
194,5
195,5
196,5
197,5
198,5
199,3
201,5
202,5
203,5
204,5
205,5
206,5
207,5
208,4
209,4
210,2
211,5
212,3
213,5
214,5
215,5
216,5
217,5
218,5
219,5
220,1
221,5
222,5
223,5
224,5
225,5
226,5
227,2
228,2
229,2
230,2
231,2
232,2
233,4
234,2
235,2
236,2
237,2
238,2
239,2
240,2
241,5
242,5
243,5
244,5
245,5
246,5
247,2
248,2
249,5
250,5
251,2
252,5
253,5
254,5
255,5
256,2
257,5
258,5
259,0
260,5
261,2
262,2
263,3
264,5
265,4
266,5
267,4
268,5
269,5
270,2
271,2
272,2
273,5
274,5
275,5
276,5
277,5
278,5
279,5
280,5
281,5
282,5
283,5
284,2
285,2
286,2
287,2
288,2
289,2
290,2
291,2
292,5
293,5
294,4
295,5
296,5
297,2
298,5
299,2
300,5
301,2
302,5
303,5
304,5
305,5
306,5
307,5
308,5
309,5
310,5
311,5
312,5
313,5
314,5
315,5
316,5
317,5
318,5
319,2
320,2
321,2
322,5
323,2
324,2
325,2
326,2
327,0
328,0
329,2
330,2
331,2
332,2
333,2
334,2
335,2
336,2
337,2
338,2
339,5
340,2
341,2
342,2
343,2
344,2
345,4
346,0
347,2
348,5
349,3
350,4
351,2
352,5
353,4
354,2
355,2
356,2
357,2
358,5
359,1
360,2
361,3
362,5
363,0
364,5
365,2
366,4
367,2
368,5
369,5
370,4
371,1
372,2
373,2
374,2
375,2
376,2
377,2
378,1
379,2
380,2
381,2
382,2
383,2
384,2
385,2
386,2
387,2
388,2
389,5
390,5
391,4
392,5
393,5
394,2
395,2
396,2
397,2
398,2
399,2
400,4
401,2
402,2
403,2
405,2
406,0
407,5
408,0
409,5
410,2
411,2
412,5
413,5
414,5
415,5
416,5
417,2
418,2
419,2
420,2
421,2
422,2
423,2
424,2
425,2
426,2
427,2
428,2
429,2
430,0
431,2
432,2
433,0
434,5
435,2
436,3
437,2
438,2
439,2
440,2
441,2
442,2
443,2
444,2
445,2
446,2
447,2
448,2
449,2
450,2
451,2
452,2
453,2
454,2
455,2
456,2
457,2
458,2
459,5
460,0
461,2
462,2
463,2
464,2
465,2
466,5
467,5
468,5
469,5
470,4
471,5
472,2
473,0
474,5
475,4
476,4
477,4
478,5
479,5
480,2
481,5
482,2
483,5
484,2
485,2
486,2
487,2
488,2
489,2
490,5
491,2
492,2
493,5
494,2
495,2
496,2
497,5
498,5
499,2
500,2
501,2
502,2
503,2
504,2
505,2
506,5
507,5
508,5
509,5
510,5
511,5
512,5
513,5
514,5
515,2
516,5
517,5
518,4
519,5
520,5
521,5
522,5
524,5
525,5
526,5
527,5
528,5
529,5
530,5
531,5
532,5
533,5
534,5
535,5
536,5
537,5
538,4
539,4
540,5
541,5
542,5
543,5
544,5
545,5
546,5
547,5
548,5
549,5
550,5
551,5
552,5
553,5
554,5
555,2
556,5
557,5
558,5
559,5
560,3
561,5
562,5
563,2
564,2
565,2
566,2
567,2
568,1
569,2
570,2
571,2
573,2
574,2
575,2
576,2
577,1
578,2
579,2
580,2
581,2
582,2
583,2
584,2
585,2
586,4
587,5
588,2
589,2
590,0
591,2
592,4
593,1
594,5
595,2
596,1
597,3
598,5
599,5
600,2
601,2
602,2
603,2
604,2
605,2
606,2
607,2
608,2
609,2
610,1
611,2
612,2
613,2
614,2
615,2
616,0
618,2
619,2
620,2
621,2
622,2
623,2
624,2
625,2
626,2
627,2
628,2
629,2
630,2
631,2
632,2
633,2
634,2
635,2
636,2
637,2
638,2
639,2
640,2
641,2
642,2
643,2
644,2
645,2
646,2
647,2
648,2
649,2
650,2
651,2
652,2
653,2
654,2
655,2
656,2
657,2
658,2
659,2
660,2
661,2
662,2
663,2
664,2
665,2
666,2
667,2
668,2
669,2
670,2
671,5
672,0
673,2
674,2
675,2
676,2
677,2
678,2
679,2
680,2
681,2
682,2
683,2
684,5
685,5
686,5
687,2
688,0
689,5
690,4
691,4
692,5
693,5
694,5
695,5
696,5
697,5
698,5
699,5
706,2
736,5
740,3
746,0
749,5
750,2
751,2
752,2
753,2
754,2
755,2
756,0
757,5
758,2
759,2
760,4
761,4
762,5
763,2
764,5
765,5
766,5
767,2
768,2
769,5
770,2
771,1
772,4
773,4
774,5
775,5
776,5
777,5
778,5
779,5
780,5
781,4
782,3
783,4
784,4
785,5
786,5
787,5
788,5
789,5
790,5
791,5
792,5
793,5
794,5
795,5
796,4
797,5
798,5
799,5
800,0
801,4
802,5
803,2
804,2
805,4
806,2
807,2
808,2
809,2
810,2
811,2
812,2
813,2
814,4
815,4
816,5
817,5
818,2
819,2
820,2
821,4
822,5
823,2
824,2
825,2
826,2
827,5
828,2
829,1
830,4
831,4
832,1
833,2
834,5
835,2
836,5
837,2
838,0
839,2
840,0
841,2
842,2
843,2
844,2
845,2
846,0
847,5
848,2
849,2
850,2
851,2
852,5
853,2
854,0
855,0
856,0
857,5
858,2
859,2
860,5
861,5
862,5
863,3
864,2
865,1
866,5
867,5
868,4
869,5
870,2
871,4
872,3
873,3
874,2
875,3
876,2
878,4
879,5
880,5
881,4
882,4
883,5
884,5
885,2
886,2
887,2
888,2
889,2
890,2
891,2
892,2
893,2
894,2
895,2
896,2
897,2
898,2
899,2
900,2
901,2
902,2
903,5
904,4
905,5
906,4
907,5
908,5
909,5
910,5
911,5
912,5
913,5
914,5
915,5
916,5
917,5
918,5
919,5
920,2
921,2
922,2
923,2
924,2
925,2
926,5
927,5
928,4
929,2
930,2
931,4
932,2
933,2
934,2
935,0
937,2
938,2
939,2
940,2
941,2
942,5
943,5
944,4
945,5
946,5
947,5
948,5
949,5
950,4
951,5
952,5
953,5
954,5
955,5
956,5
957,5
958,3
959,2
960,5
961,5
962,5
963,3
964,5
965,5
966,5
967,5
968,5
969,5
970,5
971,4
972,5
973,2
974,2
975,5
976,5
977,5
978,4
979,5
980,5
981,5
982,5
983,5
984,5
985,5
986,0
987,4
988,2
989,4
990,5
991,5
992,5
993,5
994,5
995,5
996,5
997,5
998,5
999,5
1000,2
1001,2
1002,2
1003,2
1004,2
1005,2
1006,2
1007,5
1008,2
1009,2
1010,2
1011,2
1012,2
1014,2
1015,2
1016,2
1017,2
1018,2
1019,5
1021,2
1023,5
1024,2
1025,2
1026,2
1027,5
1028,2
1029,2
1030,2
1031,2
1032,2
1033,5
1034,2
1035,5
1036,4
1037,2
1038,5
1039,2
1040,5
1041,5
1042,5
1043,5
1044,5
1045,5
1046,5
1047,5
1048,5
1049,5
1050,5
1051,5
1052,5
1053,5
1054,5
1055,5
1056,5
1057,5
1058,5
1059,5
1060,5
1061,5
1062,5
1063,5
1064,5
1065,5
1066,5
1067,5
1068,5
1069,1
1070,4
1071,2
1072,5
1073,2
1074,2
1075,2
1076,4
1077,5
1078,5
1079,5
1080,5
1081,4
1082,4
1083,5
1084,5
1085,2
1086,2
1087,2
1088,2
1089,2
1090,2
1091,2
1092,5
1093,5
1094,2
1095,5
1096,5
1097,5
1098,5
1099,5
1100,5
1101,5
1102,5
1103,5
1104,5
1105,5
1106,5
1108,5
1109,4
1110,5
1111,5
1112,5
1113,5
1114,5
1115,5
1116,2
1117,2
1118,2
1119,5
1120,5
1121,5
1122,4
1123,5
1124,5
1125,5
1126,5
1127,5
1128,2
1129,5
1130,3
1131,5
1132,5
1133,5
1134,5
1135,5
1136,2
1137,5
1138,3
1139,2
1140,2
1141,5
1142,5
1143,5
1144,4
1145,5
1146,5
1147,5
1148,5
1149,5
1150,5
1151,5
1152,5
1153,2
1154,5
1155,5
1156,5
1157,5
1158,5
1159,5
1160,5
1161,5
1162,5
1163,5
1164,5
1165,4
1166,5
1167,5
1168,5
1169,5
1170,4
1171,4
1172,5
1173,4
1174,5
1175,5
1176,5
1177,2
1178,1
1179,4
1180,5
1181,2
1182,5
1183,5
1184,2
1185,5
1186,2
1187,2
1188,5
1189,5
1190,5
1191,5
1192,5
1193,5
1194,5
1195,5
1196,5
1197,5
1198,1
1199,5
1200,5
1201,5
1202,5
1203,5
1204,3
1205,5
1206,5
1207,4
1208,5
1209,5
1210,5
1211,5
1212,3
1213,5
1214,5
1215,3
1216,2
1217,2
1218,5
1219,2
1220,2
1221,2
1222,2
1223,2
1224,2
1225,2
1226,0
1227,2
1228,2
1229,2
1230,2
1231,2
1232,2
1233,2
1234,2
1235,2
1236,1
1237,2
1238,2
1239,5
1240,5
1241,5
1242,5
1243,5
1244,5
1245,2
1246,2
1247,2
1248,2
1249,2
1250,1
1251,2
1252,5
1253,5
1254,5
1255,5
1256,5
1257,5
1258,2
1259,0
1260,5
1261,5
1262,5
1263,5
1264,5
1265,5
1266,5
1267,4
1268,5
1269,5
1270,5
1271,5
1272,4
1273,4
1274,5
1275,5
1276,5
1277,5
1278,5
1279,4
1280,4
1281,0
1282,2
1283,4
1284,5
1285,2
1286,5
1287,5
1288,4
1289,2
1290,2
1291,2
1292,2
1293,5
1294,5
1295,5
1296,2
1297,2
1298,5
1299,5
1300,5
1301,5
1302,5
1303,2
1304,2
1305,2
1306,2
1307,5
1308,2
1309,2
1310,5
1311,2
1312,5
1313,5
1314,2
1315,5
1316,2
1317,2
1319,2
1320,2
1321,2
1322,2
1323,2
1325,5
1326,2
1327,5
1328,5
1329,2
1330,0
1331,2
1332,2
1333,2
1334,0
1335,1
1336,2
1337,2
1338,1
1339,2
1340,2
1341,2
1342,2
1343,5
1344,5
1345,2
1346,2
1347,2
1348,2
1349,2
1350,2
1351,2
1352,5
1353,5
1354,5
1355,5
1356,5
1357,5
1358,2
1359,2
1360,2
1361,2
1362,5
1363,5
1364,2
1365,2
1366,4
1367,5
1368,5
1369,5
1370,5
1371,5
1372,5
1373,4
1374,5
1375,5
1376,5
1377,5
1378,5
1379,5
1380,5
1381,5
1382,5
1383,5
1384,4
1385,2
1386,4
1387,2
1388,2
1389,2
1390,2
1391,2
1392,4
1393,2
1394,2
1395,2
1396,2
1397,2
1398,2
1399,2
1400,2
1401,2
1402,5
1403,2
1404,2
1405,2
1406,2
1407,0
1408,2
1409,2
1410,2
1411,2
1412,2
1413,2
1414,2
1415,2
1416,2
1417,2
1418,2
1419,2
1420,2
1421,2
1422,2
1423,2
1424,2
1425,2
1426,2
1427,2
1428,2
1429,2
1430,2
1431,2
1432,2
1433,2
1434,2
1435,5
1436,2
1437,5
1438,5
1439,5
1440,5
1441,5
1442,5
1443,4
1444,2
1445,2
1446,5
1447,5
1448,2
1449,1
1450,2
1451,2
1452,4
1453,2
1454,2
1455,2
1456,1
1457,2
1458,2
1459,2
1460,2
1461,2
1462,2
1463,2
1464,2
1465,2
1466,2
1467,0
1468,2
1469,5
1470,5
1471,5
1472,2
1473,2
1474,2
1475,2
1476,2
1477,2
1478,4
1479,4
1480,2
1482,5
1483,5
1484,5
1485,5
1486,5
1487,5
1488,2
1489,5
1490,5
1491,5
1492,5
1493,5
1494,5
1495,5
1496,3
1497,5
1498,5
1499,5
1500,5
1501,5
1502,1
1503,4
1504,2
1505,5
1506,2
1507,2
1508,0
1509,5
1510,2
1511,2
1512,2
1513,2
1514,2
1515,2
1516,2
1517,5
1518,0
1519,5
1520,4
1521,5
1522,5
1523,5
1525,5
1526,4
1528,5
1529,4
1530,2
1531,2
1532,5
1533,5
1534,5
1535,5
1536,5
1537,2
1538,5
1539,5
1540,5
1541,5
1542,4
1543,4
1544,5
1545,5
1546,2
1547,2
1548,2
1549,2
1550,2
1551,2
1552,2
1553,2
1554,2
1555,2
1556,5
1557,5
1558,4
1559,2
1560,2
1561,2
1562,3
1563,3
1564,2
1565,2
1566,2
1567,2
1568,2
1569,5
1570,5
1571,0
1572,0
1573,2
1574,4
1575,5
1576,3
1577,1
1578,5
1579,4
1580,2
1581,2
1582,2
1583,2
1584,2
1585,3
1586,3
1587,0
1588,3
1589,5
1590,5
1591,5
1592,5
1593,5
1594,5
1595,5
1596,4
1597,4
1598,4
1599,5
1600,5
1601,5
1602,5
1603,5
1604,5
1605,4
1606,5
1607,5
1608,5
1609,4
1610,5
1611,5
1612,5
1613,5
1614,2
1615,0
1616,2
1617,2
1618,2
1619,2
1620,2
1621,4
1622,4
1623,5
1624,5
1625,5
1626,5
1627,5
1628,5
1629,5
1630,5
1631,5
1632,5
1633,5
1634,5
1635,5
1636,4
1637,5
1638,5
1639,5
1640,5
1641,5
1642,5
1643,2
1644,2
1645,1
1646,2
1647,2
1648,2
1649,2
1650,2
1651,2
1652,2
1653,2
1654,2
1655,2
1656,2
1657,2
1658,2
1659,2
1660,4
1661,2
1662,5
1663,5
1664,5
1665,5
1666,5
1667,5
1668,5
1670,5
1671,5
1672,5
1673,5
1674,5
1675,5
1676,5
1677,5
1678,3
1679,5
1680,2
1681,2
1682,3
1683,5
1684,5
1685,5
1686,5
1687,5
1688,5
1689,5
1690,4
1691,2
1692,5
1693,2
1694,5
1695,2
1696,2
1697,2
1698,5
1699,2
1700,2
1701,2
1702,2
1703,2
1704,2
1705,2
1706,2
1707,2
1708,2
1709,2
1710,4
1711,4
1712,5
1713,5
1714,5
1715,5
1716,4
1717,5
1718,2
1719,2
1720,2
1721,2
1722,2
1723,2
1724,2
1725,2
1726,2
1727,2
1728,2
1729,5
1730,4
1731,5
1732,5
1733,5
1734,5
1735,5
1736,5
1737,5
1738,5
1739,5
1740,5
1741,5
1742,5
1743,4
1744,5
1745,5
1746,5
1747,5
1748,5
1749,5
1750,5
1751,5
1752,5
1753,5
1754,5
1755,2
1756,2
1757,5
1758,5
1759,2
1760,2
1761,5
1762,5
1763,2
1764,0
1765,2
1766,5
1767,5
1768,5
1769,5
1770,5
1771,5
1772,2
1773,2
1774,2
1775,5
1776,5
1777,5
1778,4
1779,5
1780,5
1781,5
1782,1
1783,2
1784,2
1785,5
1786,5
1787,5
1788,2
1789,2
1790,2
1791,2
1792,5
1793,2
1794,5
1795,2
1796,0
1797,5
1798,5
1799,2
1800,5
1801,2
1802,4
1803,2
1804,5
1805,4
1806,5
1807,5
1808,5
1809,5
1810,5
1811,5
1812,1
1813,5
1814,5
1815,4
1816,5
1817,5
1818,5
1820,5
1821,5
1822,2
1823,2
1824,2
1825,2
1826,2
1827,2
1828,5
1829,5
1830,5
1831,2
1832,2
1833,5
1834,4
1835,4
1836,2
1837,2
1838,2
1839,2
1840,2
1841,5
1842,5
1843,2
1844,2
1845,5
1846,5
1847,5
1848,5
1849,5
1850,5
1851,5
1852,5
1853,5
1854,2
1855,4
1856,4
1857,4
1858,5
1859,4
1860,5
1861,5
1862,5
1863,1
1864,3
1865,2
1866,2
1867,5
1868,2
1869,2
1870,2
1871,2
1872,2
1873,2
1874,5
1875,5
1876,4
1877,5
1878,2
1879,5
1880,1
1881,5
1882,4
1883,5
1884,5
1885,5
1886,5
1887,5
1888,5
1889,5
1890,5
1891,5
1892,5
1893,5
1894,5
1895,5
1896,5
1897,5
1898,5
1899,5
1900,5
1901,5
1902,2
1903,5
1904,2
1905,5
1906,1
1907,5
1908,2
1909,5
1910,2
1911,5
1912,5
1913,5
1914,5
1915,5
1916,5
1917,5
1918,5
1919,4
1920,5
1921,5
1922,5
1923,5
1924,5
1925,5
1926,5
1927,5
1928,5
1929,5
1930,5
1931,5
1932,4
1933,5
1934,5
1935,2
1936,2
1937,2
1938,2
1939,2
1940,2
1941,2
1942,5
1943,5
1944,5
1945,2
1946,2
1947,2
1948,2
1949,2
1950,2
1951,2
1952,5
1953,5
1954,5
1955,5
1956,5
1957,5
1958,2
1959,5
1960,2
1961,2
1962,5
1963,5
1964,5
1965,5
1966,5
1967,5
1968,5
1970,5
1971,4
1972,5
1973,5
1974,4
1975,5
1976,3
1978,5
1979,2
1980,5
1981,2
1982,5
1983,5
1984,5
1985,5
1986,5
1987,5
1988,4
1989,5
1990,4
1991,5
1992,5
1993,5
1994,4
1995,5
1996,4
1998,4
1999,5
2000,5
2001,0
2002,5
2003,5
2004,4
2005,5
2006,5
2007,5
2008,5
2009,5
2010,5
2011,2
2012,4
2013,5
2014,5
2015,5
2016,5
2017,5
2018,5
2019,5
2020,5
2021,5
2022,5
2023,5
2024,5
2025,5
2026,3
2027,5
2028,5
2029,5
2031,5
2032,5
2033,5
2034,5
2035,5
2036,5
2037,5
2038,5
2039,5
2040,5
2041,5
2042,5
2043,5
2044,5
2045,5
2046,5
2047,5
2048,5
2049,4
2050,4
2051,5
2052,5
2053,5
2054,5
2055,5
2056,5
2057,5
2058,5
2059,3
2060,5
2061,5
2062,5
2063,5
2064,5
2065,5
2066,2
2067,5
2068,2
2069,5
2070,1
2071,5
2072,4
2073,2
2074,4
2075,4
2076,4
2077,4
2078,5
2079,5
2080,5
2081,5
2082,5
2083,2
2084,2
2085,2
2086,2
2087,2
2088,0
2089,2
2090,2
2091,2
2092,2
2093,2
2094,2
2095,2
2096,5
2097,3
2098,2
2099,2
2100,5
2101,1
2102,1
2103,2
2104,2
2105,5
2106,5
2107,5
2108,4
2109,2
2110,4
2111,2
2112,2
2113,2
2114,2
2115,2
2116,4
2117,2
2118,1
2119,5
2120,2
2121,5
2122,5
2123,5
2124,5
2125,5
2126,4
2127,3
2128,5
2129,2
2130,2
2131,2
2132,2
2133,2
2134,2
2135,5
2136,2
2137,1
2138,4
2139,5
2140,5
2141,4
2142,5
2143,4
2144,5
2145,5
2146,5
2147,5
2148,5
2149,5
2150,4
2151,5
2152,2
2153,2
2154,4
2155,4
2156,4
2157,2
2158,2
2159,5
2160,5
2161,4
2162,5
2163,4
2164,1
2165,2
2166,2
2167,2
2168,2
2169,2
2170,2
2171,2
2172,2
2173,2
2174,2
2175,2
2176,2
2177,2
2178,2
2179,1
2180,2
2182,5
2183,2
2184,5
2185,5
2186,5
2187,4
2188,5
2189,4
2190,5
2191,5
2192,5
2193,5
2194,5
2195,5
2196,5
2197,5
2198,5
2199,5
2200,5
2201,5
2202,5
2203,5
2204,5
2205,5
2206,3
2207,5
2208,5
2209,5
2210,5
2211,4
2212,4
2213,3
2214,4
2215,4
2216,4
2217,5
2218,2
2219,2
2220,2
2221,2
2222,2
2223,2
2224,3
2225,5
2226,4
2227,1
2228,4
2229,5
2230,2
2231,2
2232,5
2233,5
2234,5
2235,4
2236,2
2237,2
2238,2
2239,4
2240,4
2241,4
2242,5
2243,5
2244,4
2245,4
2246,2
2247,2
2248,5
2249,5
2250,5
2251,5
2252,5
2253,5
2254,2
2255,2
2256,5
2257,5
2258,2
2259,5
2260,3
2261,5
2262,5
2263,5
2265,5
2266,5
2267,4
2268,5
2269,5
2270,2
2271,2
2272,2
2273,1
2274,1
2275,5
2276,2
2277,5
2278,5
2279,2
2280,2
2281,5
2282,2
2283,4
2284,2
2285,2
2286,5
2287,5
2288,5
2289,4
2290,2
2291,2
2292,5
2293,5
2294,5
2295,5
2296,5
2297,2
2298,2
2299,5
2300,1
2301,5
2302,5
2303,2
2304,5
2305,5
2306,5
2307,5
2308,5
2309,2
2310,5
2311,5
2312,4
2313,5
2314,5
2315,4
2316,4
2317,5
2318,4
2319,4
2320,5
2321,5
2322,5
2323,2
2324,5
2325,2
2326,2
2327,2
2328,2
2329,5
2330,2
2331,3
2332,4
2333,2
2334,2
2335,2
2336,2
2337,5
2338,5
2339,5
2340,5
2341,4
2342,5
2343,5
2344,2
2345,5
2346,4
2347,4
2348,5
2349,5
2350,5
2351,4
2352,5
2353,5
2354,5
2355,4
2356,5
2357,5
2358,4
2359,2
2360,2
2361,5
2362,5
2363,4
2364,3
2365,2
2366,2
2367,2
2368,2
2369,2
2370,2
2371,5
2372,5
2373,5
2374,5
2375,5
2376,5
2377,5
2378,5
2379,5
2380,5
2381,5
2382,5
2383,5
2384,5
2386,5
2387,2
2388,5
2389,5
2390,4
2391,5
2392,2
2393,2
2394,2
2395,2
2396,2
2397,2
2398,4
2399,5
2400,5
2401,5
2402,2
2403,5
2404,5
2405,5
2406,5
2407,2
2408,2
2409,5
2410,2
2411,2
2412,5
2413,4
2414,2
2415,5
2416,2
2417,5
2418,5
2419,2
2420,2
2421,2
2422,2
2423,2
2424,2
2425,2
2426,2
2427,2
2428,2
2430,2
2431,2
2432,2
2433,2
2434,4
2435,5
2436,2
2437,4
2438,5
2439,5
2440,2
2441,2
2442,2
2443,2
2444,2
2445,2
2446,2
2447,2
2448,2
2449,2
2450,2
2451,2
2452,2
2453,2
2454,2
2455,2
2456,2
2457,2
2458,2
2459,2
2460,2
2461,2
2462,2
2463,2
2464,2
2465,2
2466,2
2467,2
2468,4
2469,2
2470,2
2471,2
2472,2
2473,2
2474,1
2475,2
2476,2
2477,2
2478,2
2479,2
2480,2
2481,2
2482,2
2483,2
2484,2
2485,5
2486,2
2487,5
2488,2
2489,2
2490,2
2491,1
2492,3
2493,4
2494,5
2495,5
2496,4
2497,5
2498,5
2499,2
2500,5
2501,2
2502,2
2503,2
2504,5
2505,2
2506,2
2507,2
2508,5
2509,0
2510,5
2512,4
2513,5
2514,5
2515,5
2516,5
2517,5
2518,5
2519,5
2520,2
2521,2
2522,2
2523,2
2524,2
2525,2
2526,2
2527,5
2528,5
2529,2
2530,2
2531,2
2532,2
2533,2
2534,2
2535,2
2536,2
2537,2
2538,2
2539,2
2541,4
2542,4
2543,5
2544,5
2545,2
2546,2
2547,2
2548,5
2549,5
2550,5
2551,4
2552,3
2553,5
2554,5
2555,5
2556,2
2557,5
2558,5
2559,5
2560,5
2561,5
2562,5
2563,5
2564,5
2565,5
2566,5
2567,5
2568,5
2569,5
2570,2
2571,5
2572,5
2573,5
2574,5
2575,5
2576,5
2577,5
2578,5
2579,5
2580,5
2581,5
2582,5
2583,4
2584,2
2585,1
2586,2
2588,5
2589,5
2590,5
2591,5
2592,5
2593,5
2594,2
2595,2
2596,2
2597,2
2598,2
2599,2
2600,2
2601,2
2602,2
2603,2
2604,2
2605,5
2606,5
2607,5
2608,2
2609,5
2610,5
2611,5
2612,5
2613,5
2614,5
2615,5
2616,1
2617,5
2618,2
2619,2
2620,2
2621,2
2622,0
2623,2
2624,5
2625,5
2626,2
2627,5
2628,5
2629,5
2630,2
2631,1
2632,2
2633,2
2634,5
2635,5
2636,5
2637,5
2638,1
2639,5
2640,2
2641,2
2642,5
2643,5
2644,3
2645,5
2646,5
2647,1
2648,2
2649,2
2650,2
2651,2
2652,2
2653,2
2654,2
2655,2
2656,2
2657,2
2659,5
2660,5
2661,5
2662,3
2663,5
2664,5
2665,2
2666,2
2667,2
2668,2
2669,2
2670,2
2671,2
2672,2
2673,5
2674,2
2675,2
2676,2
2677,2
2678,2
2679,2
2680,2
2681,2
2682,5
2683,5
2684,5
2685,2
2686,5
2687,5
2688,4
2689,5
2690,5
2691,2
2692,5
2693,5
2694,4
2695,5
2696,5
2697,2
2698,2
2699,5
2700,5
2701,5
2702,5
2703,5
2704,5
2705,5
2706,5
2707,2
2708,2
2709,5
2710,5
2711,5
2712,5
2713,5
2714,5
2715,5
2716,5
2717,5
2718,2
2719,2
2720,2
2721,2
2722,2
2723,2
2724,0
2725,0
2726,2
2727,2
2728,2
2729,2
2730,5
2731,5
2732,4
2733,5
2734,5
2735,5
2736,5
2737,5
2738,5
2739,5
2740,5
2741,5
2742,1
2743,2
2744,4
2745,2
2746,2
2747,2
2748,2
2749,5
2750,5
2751,5
2752,5
2753,5
2754,5
2755,5
2756,5
2757,2
2758,2
2759,2
2760,2
2761,4
2762,5
2763,5
2764,5
2765,5
2766,5
2767,5
2769,2
2770,5
2771,5
2772,5
2773,4
2774,2
2775,3
2776,2
2777,5
2778,5
2779,2
2780,2
2781,2
2782,5
2783,5
2784,5
2785,5
2786,5
2787,4
2788,5
2789,5
2790,5
2791,5
2792,5
2793,5
2794,2
2795,5
2796,5
2797,5
2798,5
2799,5
2800,4
2801,2
2802,5
2803,2
2804,2
2805,2
2806,0
2807,2
2808,2
2809,5
2811,5
2812,5
2813,5
2814,2
2815,5
2816,2
2817,5
2818,5
2819,4
2820,2
2821,2
2822,2
2823,1
2824,2
2825,2
2826,3
2827,5
2828,4
2829,5
2830,5
2831,5
2832,5
2833,5
2834,5
2835,5
2836,5
2837,1
2838,5
2839,5
2840,5
2841,5
2842,2
2843,2
2844,2
2845,2
2846,2
2847,2
2848,5
2849,5
2850,5
2851,5
2852,5
2853,5
2854,5
2855,5
2856,5
2857,5
2858,2
2859,5
2860,5
2861,5
2862,5
2863,5
2864,5
2865,5
2866,2
2867,5
2868,5
2869,5
2870,5
2871,5
2872,5
2873,5
2874,4
2875,5
2876,5
2877,5
2878,5
2879,5
2880,5
2881,2
2882,3
2883,5
2884,5
2885,5
2886,5
2887,5
2888,5
2889,5
2890,5
2891,5
2892,5
2893,5
2894,2
2895,5
2896,5
2897,5
2898,5
2899,5
2900,5
2901,5
2902,5
2903,5
2904,5
2905,4
2906,2
2907,5
2908,5
2909,2
2910,5
2911,1
2912,2
2913,2
2914,2
2915,5
2916,4
2917,5
2918,5
2919,5
2920,2
2921,5
2922,5
2923,2
2924,5
2925,4
2926,5
2927,2
2928,5
2929,5
2930,5
2931,4
2932,5
2933,5
2934,5
2935,5
2936,5
2937,5
2938,5
2939,5
2940,2
2941,2
2942,2
2943,5
2944,2
2945,2
2946,2
2947,1
2948,2
2949,2
2950,2
2951,5
2952,2
2953,2
2954,2
2955,2
2956,5
2957,2
2958,5
2959,3
2960,4
2961,3
2962,5
2963,5
2964,5
2965,5
2966,5
2967,5
2968,5
2969,5
2970,5
2971,4
2972,5
2973,5
2974,5
2975,5
2976,5
2977,5
2978,5
2979,5
2980,5
2981,4
2982,5
2983,5
2984,5
2985,5
2986,5
2987,5
2988,5
2989,2
2990,2
2991,4
2992,4
2993,2
2994,5
2995,2
2997,0
2998,5
2999,2
3000,2
3001,2
3002,2
3003,2
3004,5
3005,2
3006,1
3007,5
3008,5
3009,5
3010,5
3011,4
3012,4
3013,5
3014,5
3015,5
3016,5
3017,5
3018,5
3019,5
3020,4
3021,5
3022,5
3023,4
3024,5
3025,5
3026,5
3027,3
3028,5
3029,5
3030,2
3031,2
3032,2
3033,2
3034,5
3035,5
3036,4
3037,4
3038,5
3039,5
3040,5
3041,5
3042,5
3043,5
3044,5
3045,5
3046,5
3047,5
3048,2
3049,2
3050,2
3051,5
3052,5
3053,5
3054,5
3055,5
3056,5
3057,4
3058,2
3059,2
3060,2
3061,2
3062,2
3063,2
3064,5
3065,5
3066,5
3067,5
3068,5
3069,5
3070,5
3071,5
3072,5
3073,5
3074,5
3075,4
3076,5
3077,5
3078,5
3079,5
3080,5
3081,2
3082,2
3083,5
3084,5
3085,4
3086,5
3087,5
3088,5
3089,5
3090,2
3091,5
3092,0
3093,2
3094,2
3095,5
3096,2
3097,2
3098,2
3099,2
3100,2
3101,1
3102,2
3103,5
3104,2
3105,5
3106,5
3107,2
3108,5
3109,2
3110,2
3111,5
3112,5
3113,5
3114,5
3115,5
3116,5
3117,5
3118,4
3119,4
3120,2
3121,2
3122,2
3123,2
3124,5
3125,5
3126,2
3127,2
3128,2
3129,2
3130,2
3131,2
3132,2
3133,5
3134,2
3135,5
3136,5
3137,5
3138,2
3139,1
3140,2
3142,5
3143,5
3144,5
3145,5
3146,2
3147,1
3148,2
3149,4
3150,2
3151,2
3152,4
3153,0
3154,0
3155,3
3156,3
3157,2
3158,2
3159,2
3160,2
3161,2
3162,3
3163,1
3164,2
3165,0
3166,0
3167,3
3168,5
3169,5
3170,5
3171,5
3172,5
3173,4
3174,2
3175,5
3176,5
3177,5
3178,5
3179,5
3180,2
3181,2
3182,1
3183,1
3184,2
3185,5
3186,5
3187,5
3188,5
3189,5
3190,5
3191,4
3192,5
3193,5
3194,5
3195,5
3196,4
3197,5
3198,5
3199,4
3200,5
3201,5
3202,5
3203,5
3204,5
3205,5
3206,5
3207,5
3208,5
3209,5
3210,2
3211,2
3212,2
3213,2
3214,5
3215,5
3216,2
3217,5
3218,5
3219,2
3220,5
3221,5
3222,5
3223,3
3224,2
3225,5
3226,5
3227,5
3228,5
3229,5
3231,5
3232,5
3233,5
3234,5
3235,5
3236,5
3237,5
3238,2
3239,5
3240,5
3241,5
3242,4
3243,5
3244,5
3245,5
3246,5
3247,5
3248,5
3249,5
3250,5
3251,5
3252,5
3253,5
3254,5
3255,5
3256,5
3257,5
3258,5
3259,5
3260,5
3261,5
3262,5
3263,5
3264,5
3265,5
3266,5
3267,2
3268,4
3269,0
3270,5
3271,2
3272,2
3273,5
3274,5
3275,5
3276,5
3277,5
3278,5
3279,2
3280,2
3281,2
3282,5
3283,5
3284,5
3285,5
3286,4
3287,5
3288,0
3289,2
3290,0
3291,5
3292,4
3293,2
3294,5
3295,5
3296,4
3297,5
3298,5
3299,2
3300,5
3301,2
3302,2
3303,2
3304,5
3305,5
3306,1
3307,5
3308,0
3310,2
3311,5
3312,5
3313,5
3314,2
3315,2
3316,2
3317,2
3318,2
3319,2
3320,2
3321,2
3322,0
3323,2
3324,2
3325,5
3326,5
3327,5
3328,4
3329,5
3330,5
3331,5
3332,5
3333,5
3334,5
3335,2
3336,5
3337,4
3338,2
3339,5
3340,5
3341,5
3342,5
3343,5
3344,2
3345,4
3346,5
3347,5
3348,5
3349,5
3350,5
3351,5
3352,5
3353,5
3354,0
3355,3
3356,0
3357,0
3358,2
3359,5
3360,5
3361,4
3362,5
3363,5
3364,5
3365,5
3366,5
3367,5
3368,5
3369,3
3370,2
3371,2
3372,2
3373,2
3374,2
3375,2
3376,5
3377,0
3378,2
3379,5
3380,2
3381,2
3382,2
3383,2
3384,2
3385,2
3386,2
3387,2
3388,2
3389,2
3390,4
3391,2
3392,2
3393,2
3394,2
3395,5
3396,5
3397,5
3398,5
3399,2
3400,2
3401,2
3402,2
3403,2
3404,2
3405,2
3406,2
3407,2
3408,5
3409,5
3410,5
3411,5
3412,5
3413,5
3414,5
3415,5
3416,5
3417,5
3418,4
3419,5
3420,5
3421,5
3422,5
3423,5
3424,5
3425,5
3426,5
3427,4
3428,5
3429,5
3430,3
3431,5
3432,5
3433,3
3434,5
3435,5
3436,5
3437,5
3438,5
3439,5
3440,2
3441,4
3442,5
3443,2
3444,5
3445,2
3446,5
3447,3
3448,3
3449,0
3450,5
3451,2
3452,2
3453,2
3454,2
3455,2
3456,2
3457,2
3458,2
3459,2
3460,2
3461,5
3462,5
3463,4
3464,5
3465,3
3466,5
3467,0
3468,2
3469,3
3470,2
3471,5
3472,2
3473,2
3474,2
3475,2
3476,1
3477,2
3478,2
3479,5
3481,0
3482,3
3483,5
3484,5
3485,5
3486,5
3487,5
3488,5
3489,3
3490,0
3491,3
3492,2
3493,0
3494,5
3495,5
3496,5
3497,5
3498,5
3499,5
3500,5
3501,2
3502,5
3503,5
3504,5
3505,5
3506,0
3507,5
3508,3
3509,3
3510,5
3511,5
3512,5
3513,5
3514,5
3515,2
3516,2
3517,2
3518,5
3519,5
3520,5
3521,5
3522,5
3523,5
3524,5
3525,5
3526,5
3527,5
3528,5
3529,4
3530,4
3531,4
3532,4
3533,3
3534,2
3536,5
3537,3
3538,4
3539,4
3540,2
3541,2
3542,5
3543,5
3544,5
3545,5
3546,4
3547,5
3548,2
3549,5
3550,5
3551,5
3552,2
3553,2
3554,2
3555,2
3556,5
3557,0
3558,2
3559,4
3560,5
3561,5
3562,2
3563,2
3564,5
3565,5
3566,0
3567,0
3568,1
3569,2
3570,2
3571,2
3572,4
3573,0
3574,2
3575,2
3576,2
3577,5
3578,2
3579,2
3580,2
3581,2
3582,2
3583,2
3584,2
3585,2
3586,2
3587,5
3588,2
3590,5
3591,2
3593,2
3594,2
3595,2
3596,2
3597,5
3598,5
3599,2
3600,2
3601,2
3602,0
3603,2
3604,2
3605,2
3606,2
3607,2
3608,5
3609,5
3610,2
3612,4
3613,5
3614,2
3615,2
3616,2
3617,2
3618,2
3619,2
3620,2
3621,2
3622,4
3623,4
3624,2
3625,2
3626,5
3627,4
3628,5
3629,5
3630,5
3631,5
3632,4
3633,4
3634,3
3635,3
3636,2
3637,2
3638,2
3639,5
3640,5
3641,5
3642,5
3643,5
3644,5
3645,5
3646,5
3647,2
3648,2
3649,2
3650,2
3651,5
3652,5
3653,5
3654,2
3655,1
3656,5
3657,1
3658,2
3659,5
3660,5
3661,4
3663,4
3664,4
3666,4
3667,5
3668,5
3669,4
3670,4
3671,5
3672,4
3673,5
3674,5
3675,5
3676,5
3677,5
3678,5
3679,5
3680,5
3681,5
3682,5
3683,5
3684,5
3685,5
3686,5
3687,5
3688,5
3689,5
3690,5
3691,5
3692,5
3693,5
3694,1
3695,2
3696,2
3697,2
3698,4
3699,5
3700,5
3701,2
3702,5
3703,5
3704,5
3705,4
3706,2
3707,2
3708,5
3709,5
3710,5
3711,4
3712,1
3713,5
3714,2
3715,2
3716,2
3717,2
3718,5
3719,5
3720,5
3721,2
3722,2
3723,5
3724,2
3725,2
3726,2
3727,5
3728,5
3729,5
3730,5
3731,5
3732,5
3733,5
3734,5
3735,5
3736,5
3737,5
3738,5
3739,5
3740,5
3741,5
3742,4
3743,5
3744,4
3745,4
3746,1
3747,5
3748,5
3749,5
3750,5
3751,5
3752,4
3753,5
3754,5
3755,5
3756,5
3757,4
3758,5
3759,5
3760,5
3761,5
3762,5
3763,5
3764,5
3766,5
3767,5
3768,4
3769,5
3770,5
3771,5
3772,5
3773,5
3774,5
3775,5
3776,5
3777,5
3778,2
3779,5
3780,2
3781,5
3782,2
3783,4
3784,5
3785,2
3786,5
3787,2
3788,5
3789,5
3790,5
3791,2
3792,5
3793,2
3794,5
3795,5
3796,5
3797,5
3798,5
3799,5
3800,5
3801,2
3802,5
3803,5
3805,5
3806,5
3807,5
3808,5
3809,5
3810,5
3811,2
3812,2
3813,2
3814,2
3815,2
3816,2
3817,2
3818,2
3819,1
3820,2
3821,2
3822,5
3823,5
3824,0
3825,2
3826,2
3827,2
3828,2
3829,5
3830,2
3831,5
3832,2
3833,5
3834,0
3835,5
3836,5
3837,5
3838,5
3839,4
3840,5
3841,5
3842,5
3843,2
3844,5
3845,5
3846,5
3847,5
3848,5
3849,5
3850,5
3851,5
3852,5
3853,4
3854,5
3855,0
3856,2
3857,2
3858,2
3859,5
3860,5
3861,5
3862,4
3863,5
3864,5
3865,5
3866,5
3867,5
3868,5
3869,5
3870,5
3871,5
3872,5
3873,5
3874,5
3875,5
3876,5
3877,5
3878,5
3879,5
3880,5
3881,2
3882,2
3883,5
3884,5
3885,5
3886,5
3887,3
3888,4
3889,5
3890,5
3891,4
3892,5
3893,5
3894,4
3895,2
3896,0
3897,4
3898,5
3899,4
3900,5
3901,5
3902,2
3903,5
3904,5
3905,5
3906,5
3907,4
3908,5
3909,5
3910,5
3911,5
3912,5
3913,5
3914,5
3915,5
3916,5
3917,5
3918,5
3919,5
3920,5
3921,5
3922,5
3923,5
3924,5
3925,5
3926,5
3927,5
3928,5
3929,5
3930,5
3931,5
3932,5
3933,5
3934,5
3935,5
3936,5
3937,5
3938,5
3939,0
3940,2
3941,2
3942,2
3943,3
3944,4
3945,5
3946,5
3947,5
3948,5
3949,5
3950,5
3951,5
3952,5
3953,5
3954,5
3955,5
3956,4
3957,5
3958,5
3959,3
3960,2
3961,2
3962,2
3963,2
3964,3
3965,5
3966,2
3967,2
3968,2
3969,2
3970,2
3971,2
3972,2
3973,2
3974,2
3975,2
3976,2
3977,2
3978,2
3979,2
3980,2
3981,0
3982,2
3983,2
3984,2
3985,2
3986,2
3987,2
3988,2
3989,2
3990,2
3991,5
3992,5
3993,5
3994,4
3995,5
3996,3
3997,5
3998,5
3999,5
4000,5
4001,3
4002,5
4003,5
4004,5
4005,4
4006,4
4007,3
4008,5
4009,5
4011,4
4012,5
4013,5
4014,5
4015,5
4016,5
4017,4
4018,4
4019,5
4020,5
4021,5
4022,5
4023,5
4024,5
4025,2
4026,2
4027,2
4028,4
4029,2
4030,4
4031,5
4032,5
4033,5
4034,1
4035,0
4036,2
4037,2
4038,2
4039,2
4040,2
4041,2
4042,2
4043,2
4044,2
4045,2
4046,2
4047,2
4048,2
4049,0
4050,2
4051,2
4052,2
4053,1
4054,2
4055,2
4056,2
4057,5
4058,5
4059,5
4060,5
4061,5
4062,5
4063,2
4064,2
4065,2
4066,2
4067,5
4068,0
4069,2
4070,2
4071,2
4072,2
4073,2
4074,2
4075,2
4076,1
4077,2
4078,5
4079,5
4080,5
4081,5
4082,5
4083,5
4084,5
4085,5
4087,5
4088,5
4089,5
4090,5
4091,5
4092,5
4093,5
4094,5
4095,5
4096,5
4097,5
4098,4
4099,5
4100,4
4101,5
4102,4
4103,5
4104,4
4105,4
4106,5
4107,5
4108,3
4109,3
4110,3
4111,2
4112,5
4113,5
4114,5
4115,5
4116,5
4117,5
4119,5
4120,2
4121,0
4122,5
4123,5
4124,5
4125,5
4126,5
4127,5
4128,5
4129,5
4130,5
4131,2
4132,5
4133,2
4134,5
4135,2
4136,5
4137,2
4138,2
4139,2
4140,2
4141,2
4142,2
4143,0
4144,5
4145,5
4146,5
4147,5
4148,2
4149,2
4150,2
4151,2
4152,2
4153,5
4154,5
4155,5
4156,5
4157,5
4158,5
4159,5
4160,5
4161,5
4162,5
4163,5
4164,5
4165,5
4166,5
4167,5
4168,5
4169,5
4170,5
4171,5
4172,5
4173,2
4174,2
4175,3
4176,5
4177,2
4178,5
4179,4
4180,5
4181,5
4182,5
4183,2
4184,2
4185,2
4186,2
4187,2
4188,2
4189,2
4190,5
4191,5
4192,5
4193,5
4194,5
4195,5
4196,5
4197,5
4198,5
4201,5
4202,4
4203,5
4204,5
4205,5
4206,5
4208,5
4209,5
4210,5
4211,5
4212,5
4213,5
4214,5
4215,5
4216,5
4217,5
4218,5
4220,5
4221,3
4222,5
4223,5
4224,5
4225,5
4226,5
4227,4
4228,5
4229,5
4230,5
4231,5
4232,5
4233,5
4234,5
4235,5
4236,5
4237,4
4238,5
4239,5
4240,5
4241,5
4242,5
4243,5
4244,1
4245,5
4246,2
4247,2
4248,2
4249,4
4250,5
4251,5
4252,5
4253,5
4254,5
4255,5
4256,4
4257,5
4258,5
4259,5
4260,5
4261,5
4262,5
4263,5
4264,5
4265,5
4266,5
4267,5
4268,5
4269,5
4270,5
4271,5
4272,5
4273,5
4274,5
4275,5
4276,5
4277,5
4278,5
4279,5
4280,5
4281,5
4282,3
4283,2
4284,5
4285,5
4286,5
4287,5
4288,5
4290,3
4291,5
4292,4
4293,4
4294,5
4295,5
4296,2
4297,5
4299,5
4300,5
4301,5
4302,5
4303,5
4304,2
4305,5
4306,5
4307,5
4308,5
4309,5
4310,5
4311,5
4312,5
4313,5
4314,5
4315,5
4316,5
4317,2
4318,5
4319,3
4320,5
4321,2
4322,2
4323,2
4324,5
4325,5
4326,5
4327,3
4328,5
4329,3
4330,5
4331,5
4332,5
4333,5
4334,4
4335,5
4336,5
4337,5
4338,5
4339,5
4340,5
4341,5
4342,5
4343,2
4344,5
4345,5
4347,4
4348,5
4349,5
4350,5
4351,5
4352,5
4353,5
4354,5
4355,5
4356,5
4357,5
4358,5
4359,5
4360,5
4361,5
4362,5
4363,5
4364,5
4365,5
4366,5
4367,4
4368,5
4369,5
4370,5
4371,5
4372,2
4373,1
4374,2
4375,1
4376,0
4377,2
4378,2
4379,2
4380,5
4381,5
4382,5
4383,5
4384,5
4385,5
4386,5
4387,5
4388,5
4389,5
4390,5
4391,5
4392,5
4393,5
4394,5
4395,5
4396,5
4397,5
4398,5
4399,5
4401,5
4402,5
4403,4
4404,2
4405,5
4406,5
4407,5
4408,2
4409,2
4410,2
4411,2
4412,2
4413,2
4414,2
4415,2
4416,2
4417,5
4418,2
4419,2
4420,5
4421,2
4422,2
4423,2
4424,2
4425,2
4426,2
4427,2
4428,2
4429,2
4430,2
4431,2
4432,2
4433,5
4434,2
4435,5
4436,1
4437,2
4438,2
4439,2
4440,2
4441,5
4442,2
4443,2
4444,2
4445,2
4446,2
4447,2
4448,2
4449,2
4450,2
4451,2
4452,5
4453,5
4454,5
4455,2
4456,2
4457,2
4458,5
4459,5
4460,5
4461,5
4462,5
4463,4
4464,5
4465,5
4466,3
4467,3
4468,2
4469,3
4470,2
4471,5
4472,0
4473,2
4474,5
4475,5
4476,5
4477,5
4478,5
4479,5
4480,4
4481,5
4482,5
4483,5
4484,5
4485,5
4486,4
4487,2
4488,2
4489,0
4490,2
4491,0
4492,5
4493,5
4494,5
4495,5
4496,5
4497,5
4498,5
4499,5
4500,5
4501,5
4502,5
4503,5
4504,5
4505,5
4506,5
4507,5
4508,5
4509,5
4510,5
4511,5
4512,5
4513,5
4514,3
4515,2
4516,4
4517,2
4518,5
4519,2
4520,2
4521,2
4522,4
4523,5
4524,2
4525,5
4526,2
4527,2
4528,1
4529,1
4530,5
4531,4
4532,1
4533,2
4534,5
4535,5
4536,4
4537,0
4538,2
4539,1
4540,5
4541,5
4542,5
4543,2
4544,2
4545,0
4546,1
4547,3
4548,3
4549,2
4550,3
4551,3
4552,0
4553,5
4554,2
4555,0
4556,2
4557,2
4558,2
4559,4
4560,5
4561,5
4562,4
4563,2
4564,5
4565,5
4566,2
4567,2
4568,2
4569,2
4570,2
4571,2
4572,2
4573,2
4574,5
4575,2
4576,5
4577,4
4578,2
4579,2
4580,2
4581,2
4582,2
4583,2
4584,4
4585,5
4586,5
4587,5
4588,5
4589,2
4590,5
4591,2
4592,4
4593,5
4594,5
4595,2
4596,2
4597,2
4598,4
4599,2
4600,4
4601,5
4602,2
4603,2
4604,2
4605,4
4606,5
4607,5
4608,2
4609,2
4610,2
4611,2
4612,2
4613,2
4614,0
4615,2
4616,2
4617,2
4618,2
4620,2
4621,2
4622,2
4623,2
4624,2
4625,2
4626,2
4627,2
4628,2
4629,2
4630,2
4631,2
4632,2
4633,2
4634,2
4635,2
4636,2
4637,2
4638,2
4639,2
4640,2
4641,2
4642,2
4643,5
4644,2
4645,2
4646,2
4647,2
4648,2
4649,2
4650,2
4651,2
4652,2
4653,2
4654,2
4655,2
4656,2
4657,2
4658,2
4659,2
4661,2
4662,2
4663,4
4664,4
4665,2
4666,2
4667,2
4668,2
4669,2
4670,1
4671,2
4672,2
4673,3
4674,2
4675,2
4676,5
4677,5
4678,5
4679,5
4680,0
4681,3
4682,4
4683,4
4684,0
4685,4
4686,3
4687,2
4688,1
4689,2
4690,5
4691,5
4692,5
4693,1
4694,2
4695,2
4696,2
4697,2
4698,5
4699,0
4700,2
4701,0
4702,5
4703,2
4704,1
4705,2
4706,2
4707,2
4708,5
4709,5
4710,5
4711,5
4712,5
4713,5
4714,5
4715,5
4716,4
4717,5
4718,5
4719,4
4720,4
4721,3
4722,4
4724,5
4725,3
4726,4
4727,4
4728,5
4729,2
4730,2
4731,1
4732,2
4733,5
4734,5
4735,1
4736,5
4737,5
4738,5
4739,5
4740,4
4741,4
4742,5
4743,5
4744,5
4745,5
4746,4
4747,5
4748,5
4749,5
4750,4
4751,5
4752,5
4753,5
4754,5
4755,5
4756,5
4757,5
4758,5
4759,5
4760,5
4761,5
4762,0
4763,4
4764,4
4765,5
4766,4
4767,5
4768,3
4769,5
4770,2
4771,2
4772,5
4773,3
4774,5
4775,5
4776,4
4777,2
4778,5
4779,4
4780,0
4781,2
4782,2
4783,5
4784,2
4785,0
4786,0
4787,0
4788,3
4790,3
4791,3
4792,3
4793,3
4794,3
4796,2
4797,3
4798,3
4799,2
4800,3
4801,2
4802,2
4804,3
4805,5
4806,5
4807,0
4808,3
4809,3
4810,0
4812,0
4813,2
4814,0
4816,2
4817,2
4818,2
4819,1
4820,2
4821,2
4822,2
4823,2
4824,4
4825,5
4826,0
4827,2
4828,5
4829,5
4830,2
4831,2
4832,3
4833,5
4834,4
4835,5
4836,5
4837,2
4838,0
4839,0
4840,5
4841,4
4842,5
4843,0
4844,2
4845,2
4846,2
4847,2
4848,2
4849,2
4850,5
4851,5
4852,2
4853,5
4854,5
4855,5
4856,5
4857,5
4858,2
4859,5
4860,0
4861,4
4862,2
4863,5
4864,2
4865,5
4866,5
4867,5
4868,2
4869,2
4870,0
4871,2
4872,5
4873,5
4874,3
4875,2
4876,5
4877,0
4878,1
4879,2
4880,5
4881,0
4882,5
4883,4
4884,5
4885,5
4886,5
4887,5
4888,5
4889,2
4890,2
4891,2
4892,2
4893,2
4894,2
4895,2
4896,2
4897,5
4898,5
4899,2
4900,2
4901,2
4902,2
4903,2
4904,2
4905,2
4906,2
4907,2
4908,2
4909,2
4910,5
4911,2
4912,2
4913,2
4914,2
4915,5
4916,5
4917,5
4918,5
4919,5
4921,2
4922,2
4923,2
4924,2
4925,5
4926,2
4927,4
4928,2
4929,5
4930,0
4931,5
4932,5
4933,4
4934,5
4935,3
4936,0
4937,4
4938,1
4939,5
4940,5
4941,5
4942,5
4943,5
4944,4
4945,5
4946,5
4947,5
4948,5
4949,2
4950,5
4951,5
4952,4
4953,2
4954,5
4955,2
4956,4
4957,2
4958,1
4959,4
4960,4
4961,2
4962,5
4963,2
4964,2
4965,2
4966,4
4967,2
4968,5
4969,2
4970,1
4971,1
4972,2
4973,5
4974,3
4975,5
4976,4
4977,5
4978,2
4979,2
4980,5
4981,4
4982,5
4983,4
4984,5
4985,2
4986,2
4987,2
4988,2
4989,2
4990,4
4991,2
4992,2
4993,5
4994,5
4995,4
4996,5
4997,5
4998,5
4999,5
5000,5
5001,4
5002,2
5003,2
5004,2
5005,2
5006,2
5007,2
5008,2
5009,2
5010,2
5011,2
5012,2
5013,2
5014,2
5015,2
5016,2
5017,2
5018,2
5019,2
5020,2
5021,2
5022,2
5023,2
5024,0
5025,2
5026,4
5027,5
5028,2
5029,5
5030,2
5031,5
5032,5
5033,5
5034,5
5035,5
5036,5
5037,5
5038,5
5039,2
5040,2
5041,2
5042,5
5043,2
5044,2
5045,2
5046,5
5047,5
5048,5
5050,5
5051,5
5052,5
5053,2
5054,4
5055,3
5056,2
5057,4
5058,5
5059,2
5060,2
5061,5
5062,5
5063,0
5064,3
5065,5
5066,3
5067,0
5069,0
5070,3
5071,3
5072,3
5073,5
5074,5
5075,5
5076,0
5077,0
5078,3
5079,3
5080,3
5081,5
5082,0
5083,0
5084,3
5085,0
5086,0
5087,2
5088,0
5089,5
5090,2
5091,5
5092,5
5093,2
5094,5
5095,1
5096,2
5097,2
5098,1
5099,5
5100,5
5101,5
5102,2
5103,2
5104,2
5105,1
5106,2
5107,2
5108,2
5109,2
5110,4
5111,5
5112,4
5113,5
5114,5
5115,5
5116,3
5117,5
5118,2
5119,2
5120,5
5121,5
5122,5
5123,5
5124,5
5125,2
5126,2
5127,2
5128,2
5129,5
5130,5
5131,4
5132,5
5133,2
5134,2
5135,5
5136,5
5137,2
5138,5
5139,5
5140,2
5141,2
5142,2
5143,5
5144,5
5145,2
5146,5
5147,5
5148,5
5149,5
5150,2
5151,2
5152,1
5153,2
5157,0
5158,5
5159,5
5160,2
5161,2
5162,2
5163,2
5164,5
5165,2
5166,4
5167,1
5168,2
5169,2
5170,2
5171,4
5172,2
5173,2
5174,2
5175,2
5176,2
5177,3
5178,5
5179,3
5180,2
5181,2
5182,2
5183,2
5184,2
5185,1
5186,2
5187,2
5188,5
5189,2
5190,2
5191,2
5192,2
5193,5
5194,2
5195,5
5196,5
5197,5
5198,2
5199,2
5200,2
5201,0
5202,2
5203,1
5204,0
5205,2
5206,2
5207,2
5208,2
5209,2
5210,2
5211,2
5212,2
5213,2
5214,4
5215,2
5216,0
5217,2
5218,2
5219,2
5220,2
5221,5
5222,2
5223,2
5224,2
5225,2
5226,2
5227,5
5228,5
5229,5
5230,2
5231,2
5232,2
5233,2
5234,1
5235,2
5236,2
5237,2
5238,2
5239,2
5240,2
5241,5
5242,5
5243,5
5244,2
5245,5
5246,2
5247,0
5248,5
5249,2
5250,1
5251,1
5252,2
5253,2
5254,2
5255,5
5256,5
5257,5
5258,2
5259,5
5260,5
5261,5
5262,5
5263,5
5264,5
5265,4
5266,3
5267,4
5268,5
5269,5
5270,5
5271,5
5272,2
5273,2
5274,2
5275,2
5276,2
5277,2
5278,5
5279,2
5280,5
5281,5
5282,2
5283,2
5284,2
5285,5
5286,5
5287,5
5288,5
5289,5
5290,5
5291,5
5292,5
5293,5
5294,5
5295,5
5296,5
5297,5
5298,5
5299,5
5300,5
5301,2
5302,2
5303,2
5304,2
5305,2
5306,2
5307,2
5308,5
5309,5
5310,5
5311,5
5312,2
5313,2
5314,2
5315,2
5316,5
5317,2
5318,2
5319,2
5320,5
5321,5
5322,5
5323,5
5324,4
5325,5
5326,5
5327,5
5328,5
5329,5
5330,5
5331,3
5332,5
5333,5
5334,5
5335,5
5336,5
5337,2
5338,2
5339,4
5340,5
5341,5
5342,5
5343,5
5344,5
5345,5
5346,5
5347,5
5348,5
5349,5
5350,5
5351,5
5352,5
5353,3
5354,5
5355,5
5356,5
5357,4
5358,2
5359,5
5360,4
5361,2
5362,5
5363,5
5364,2
5365,2
5366,2
5367,2
5368,2
5369,2
5370,0
5371,2
5372,2
5373,2
5374,5
5375,2
5376,4
5377,3
5378,0
5379,4
5380,4
5381,3
5382,3
5383,3
5384,3
5385,2
5386,5
5387,2
5388,0
5389,2
5390,2
5391,2
5392,5
5393,5
5394,5
5395,5
5396,5
5397,2
5398,2
5399,5
5400,2
5401,2
5402,2
5403,2
5404,2
5405,2
5406,5
5407,5
5408,2
5409,2
5410,2
5411,2
5412,2
5413,2
5414,2
5415,2
5416,2
5417,2
5418,2
5419,2
5420,2
5421,2
5422,2
5423,0
5424,2
5425,4
5426,5
5427,5
5428,5
5429,4
5430,5
5431,2
5432,4
5433,2
5434,2
5435,0
5436,2
5437,2
5438,2
5439,2
5440,2
5441,2
5442,2
5443,2
5444,4
5445,2
5446,0
5447,3
5448,2
5449,2
5450,4
5451,5
5452,5
5453,4
5454,2
5455,2
5456,1
5457,2
5458,2
5459,5
5460,2
5461,5
5462,4
5463,5
5464,4
5465,1
5466,2
5467,2
5468,2
5469,2
5470,4
5471,5
5472,0
5473,2
5474,0
5475,5
5476,2
5477,2
5478,4
5479,5
5480,5
5481,5
5482,2
5483,3
5484,5
5485,5
5486,4
5487,5
5488,5
5489,5
5490,5
5491,5
5492,5
5493,5
5494,2
5495,2
5496,2
5497,5
5498,4
5499,2
5500,2
5501,5
5502,5
5503,5
5504,5
5505,5
5506,5
5507,5
5508,5
5509,5
5510,5
5511,5
5512,5
5513,5
5514,5
5515,5
5516,5
5517,4
5518,5
5519,5
5520,5
5521,0
5522,2
5523,5
5524,4
5525,5
5526,5
5527,0
5528,4
5529,5
5530,5
5531,5
5532,5
5533,5
5534,5
5535,5
5536,5
5537,5
5538,5
5539,5
5540,5
5541,3
5542,5
5543,5
5544,5
5545,5
5546,5
5547,5
5548,5
5549,5
5550,5
5551,5
5552,5
5553,5
5554,5
5555,5
5556,5
5557,5
5558,4
5559,5
5560,4
5561,4
5562,4
5563,5
5565,2
5566,2
5567,5
5568,5
5569,5
5570,5
5571,5
5572,2
5573,2
5574,2
5575,0
5576,2
5577,2
5578,2
5579,2
5580,2
5581,2
5582,2
5583,2
5584,2
5585,2
5586,2
5587,2
5588,2
5589,2
5590,2
5591,2
5592,2
5593,2
5594,2
5595,2
5596,2
5597,2
5598,0
5599,2
5600,2
5601,2
5602,2
5604,2
5605,2
5606,5
5607,5
5608,2
5609,2
5610,2
5611,2
5612,2
5613,2
5614,2
5615,2
5616,5
5617,5
5618,2
5619,0
5620,2
5621,2
5622,2
5623,2
5624,2
5625,2
5626,2
5627,2
5628,2
5629,2
5630,2
5631,2
5632,2
5633,2
5634,2
5635,2
5636,2
5637,2
5638,5
5639,2
5640,5
5641,2
5642,2
5643,2
5644,5
5645,4
5646,5
5647,5
5648,5
5649,5
5650,5
5651,5
5652,5
5653,5
5654,5
5655,5
5656,5
5657,4
5658,5
5659,4
5660,2
5661,2
5662,2
5663,2
5664,2
5665,2
5666,2
5667,2
5668,2
5669,2
5670,5
5671,5
5672,5
5673,5
5674,5
5675,2
5676,2
5677,5
5678,5
5679,5
5680,5
5681,5
5682,4
5683,5
5684,5
5685,5
5686,5
5687,4
5688,5
5689,5
5690,5
5691,5
5692,5
5693,5
5694,5
5695,5
5696,5
5697,5
5698,5
5699,5
5700,5
5701,5
5702,5
5703,5
5704,3
5705,2
5706,2
5707,2
5708,2
5709,2
5710,5
5711,2
5712,5
5713,5
5714,4
5715,2
5716,2
5717,2
5718,2
5719,2
5720,2
5721,2
5722,2
5723,1
5724,2
5725,5
5726,2
5727,5
5728,5
5729,5
5730,5
5731,5
5732,5
5733,5
5734,5
5735,5
5736,5
5737,5
5738,5
5739,5
5740,5
5741,5
5742,3
5743,5
5744,2
5745,2
5746,2
5747,2
5748,5
5749,5
5750,5
5751,2
5752,5
5753,5
5754,5
5755,4
5756,0
5757,5
5758,5
5759,2
5760,2
5761,2
5762,2
5763,2
5764,2
5765,0
5766,2
5767,2
5768,2
5769,2
5770,2
5771,2
5772,2
5773,3
5774,2
5775,2
5776,2
5777,2
5778,2
5779,2
5780,2
5782,2
5783,2
5785,3
5787,3
5788,5
5789,5
5790,5
5791,5
5792,2
5793,1
5795,5
5796,5
5797,5
5798,5
5799,5
5800,5
5801,5
5802,5
5803,5
5804,5
5805,2
5806,5
5807,5
5808,5
5809,5
5810,5
5811,5
5812,5
5813,5
5814,5
5815,5
5816,5
5817,5
5818,5
5819,5
5820,4
5821,5
5822,5
5823,5
5825,5
5826,5
5827,5
5828,5
5829,5
5830,5
5831,5
5832,5
5833,5
5834,5
5835,5
5836,5
5837,5
5838,5
5839,5
5840,5
5841,5
5842,2
5843,2
5844,2
5845,2
5846,2
5847,2
5848,2
5849,5
5850,5
5851,5
5852,5
5853,5
5854,5
5855,5
5857,5
5858,5
5859,5
5860,5
5861,5
5862,5
5863,5
5865,2
5866,5
5867,5
5868,5
5869,5
5870,5
5871,4
5872,5
5873,5
5874,5
5875,5
5876,5
5877,5
5878,5
5879,5
5880,5
5881,5
5882,5
5883,5
5884,5
5885,5
5886,5
5887,2
5888,2
5889,4
5890,2
5891,4
5892,2
5893,2
5894,2
5895,2
5896,0
5897,2
5898,2
5899,2
5900,2
5901,2
5902,2
5903,5
5904,2
5905,2
5906,5
5907,2
5908,1
5909,1
5910,2
5911,2
5912,2
5913,2
5914,2
5915,2
5916,2
5917,2
5918,2
5919,2
5920,0
5921,5
5922,5
5923,5
5924,5
5925,5
5926,5
5927,5
5928,5
5929,5
5930,2
5931,0
5932,0
5933,4
5934,2
5935,2
5936,2
5937,2
5938,5
5939,5
5940,5
5941,2
5942,2
5943,2
5944,2
5945,2
5946,2
5947,2
5948,2
5949,2
5950,2
5951,2
5952,2
5953,2
5954,2
5955,2
5956,1
5957,2
5958,2
5959,4
5960,5
5961,1
5962,5
5963,2
5965,2
5966,2
5967,2
5968,5
5969,2
5970,5
5971,2
5972,2
5973,2
5974,2
5975,5
5976,4
5977,5
5978,0
5979,1
5980,2
5981,4
5982,4
5983,5
5984,5
5985,5
5986,5
5987,5
5988,5
5989,5
5990,5
5991,5
5992,5
5993,5
5995,5
5996,5
5997,5
5998,5
5999,5
6000,5
6001,5
6002,5
6003,2
6004,5
6005,5
6006,5
6007,5
6008,2
6009,5
6010,2
6011,5
6012,5
6013,5
6014,5
6015,5
6016,5
6017,4
6018,5
6019,5
6020,5
6021,5
6022,5
6023,5
6024,5
6025,2
6026,2
6027,2
6028,2
6029,5
6030,5
6031,4
6032,5
6033,5
6034,5
6035,5
6036,5
6037,5
6038,4
6039,5
6040,5
6041,5
6042,5
6043,5
6044,4
6045,4
6047,5
6048,5
6049,5
6050,2
6051,2
6052,2
6053,0
6054,2
6055,2
6056,2
6057,2
6058,2
6059,2
6060,0
6061,2
6062,2
6063,2
6064,2
6065,0
6066,5
6067,5
6068,5
6069,2
6070,5
6071,2
6072,5
6073,5
6074,5
6075,5
6076,5
6077,4
6078,5
6079,5
6080,2
6081,2
6082,5
6083,5
6084,5
6085,5
6086,4
6087,5
6088,5
6089,5
6090,5
6091,5
6092,5
6093,5
6094,5
6095,2
6096,5
6098,2
6099,5
6100,5
6101,5
6102,5
6103,5
6104,5
6105,4
6106,5
6107,5
6108,5
6109,5
6110,5
6111,5
6112,5
6113,5
6114,5
6115,5
6116,5
6117,5
6118,4
6119,5
6120,4
6121,5
6122,5
6123,5
6124,5
6125,0
6126,0
6127,5
6128,2
6129,0
6130,5
6131,5
6132,5
6133,2
6134,5
6135,2
6136,2
6137,5
6138,5
6139,5
6140,5
6141,5
6142,5
6143,5
6144,2
6145,2
6146,0
6147,2
6148,0
6149,2
6150,3
6151,3
6152,2
6153,2
6154,2
6155,2
6156,2
6157,0
6158,2
6159,0
6160,2
6161,5
6162,5
6163,5
6164,2
6165,2
6166,2
6167,2
6169,2
6170,2
6171,2
6172,2
6173,2
6174,2
6175,2
6176,5
6177,5
6178,5
6179,5
6180,5
6181,5
6182,5
6183,5
6184,5
6185,5
6186,5
6187,2
6188,5
6189,0
6190,5
6191,5
6192,2
6193,1
6194,2
6195,5
6196,5
6197,5
6198,5
6199,1
6200,2
6201,5
6202,5
6203,0
6204,2
6205,5
6206,2
6207,5
6208,4
6209,5
6210,5
6211,4
6212,5
6213,4
6214,4
6215,5
6216,5
6217,5
6218,2
6219,2
6220,2
6221,2
6222,0
6223,0
6224,0
6225,2
6226,2
6227,2
6228,2
6229,2
6230,2
6231,2
6232,2
6233,2
6234,2
6235,2
6236,2
6237,1
6238,2
6239,2
6240,2
6241,1
6242,2
6243,5
6244,4
6245,5
6246,2
6247,4
6248,2
6249,5
6250,5
6251,4
6252,2
6253,2
6254,5
6255,4
6256,4
6257,4
6258,5
6259,2
6260,2
6261,5
6262,4
6263,5
6264,3
6265,1
6266,5
6267,0
6268,3
6269,5
6270,5
6271,5
6272,5
6273,5
6274,5
6275,5
6276,2
6277,2
6278,5
6279,5
6280,4
6281,5
6282,5
6283,5
6284,5
6285,0
6286,2
6287,2
6288,5
6289,2
6290,2
6291,2
6292,1
6293,5
6294,2
6296,2
6297,2
6298,2
6300,2
6301,2
6302,5
6303,2
6304,2
6305,2
6306,2
6307,2
6308,5
6309,2
6310,5
6311,5
6312,5
6313,5
6314,5
6315,5
6316,5
6317,2
6318,1
6319,2
6320,2
6321,2
6322,2
6323,2
6324,2
6325,2
6326,5
6327,2
6328,2
6329,2
6330,2
6331,2
6332,2
6333,4
6334,4
6335,5
6336,1
6337,2
6338,5
6339,5
6340,4
6341,2
6342,2
6343,2
6344,0
6345,2
6346,2
6347,2
6348,2
6349,2
6350,2
6351,2
6352,5
6353,4
6354,5
6355,5
6356,2
6357,2
6358,0
6359,2
6360,0
6361,4
6362,0
6363,5
6364,0
6365,5
6366,2
6367,5
6368,2
6369,2
6370,2
6371,2
6372,2
6373,2
6374,2
6375,2
6376,2
6377,2
6378,2
6379,2
6380,2
6381,2
6382,2
6383,2
6384,2
6385,2
6386,2
6387,0
6388,2
6389,2
6390,2
6391,2
6392,2
6393,2
6394,2
6395,2
6396,2
6397,2
6398,2
6399,2
6400,2
6401,2
6402,5
6403,5
6404,5
6405,4
6406,2
6407,2
6408,2
6410,2
6411,5
6412,5
6413,5
6414,5
6415,5
6416,4
6417,5
6418,0
6420,2
6421,2
6422,5
6423,2
6424,2
6425,2
6426,2
6427,2
6428,2
6429,5
6430,2
6431,4
6432,5
6433,2
6434,5
6435,0
6436,0
6437,2
6438,1
6439,2
6440,2
6441,2
6442,2
6443,2
6444,2
6445,5
6446,5
6447,5
6448,5
6449,5
6450,5
6451,2
6452,5
6453,4
6454,4
6455,5
6456,5
6457,5
6458,5
6459,2
6460,2
6461,0
6462,3
6463,3
6464,3
6465,0
6466,3
6467,2
6468,2
6469,3
6470,5
6471,5
6473,5
6474,5
6475,5
6476,5
6477,5
6478,5
6479,5
6480,5
6481,5
6482,5
6483,5
6484,5
6485,5
6486,5
6487,5
6488,4
6489,5
6490,5
6491,2
6492,5
6493,2
6494,5
6495,5
6496,5
6497,5
6498,5
6499,5
6500,5
6501,2
6502,5
6503,2
6504,5
6505,2
6506,2
6507,4
6508,5
6509,5
6510,5
6511,5
6512,5
6513,5
6514,4
6515,5
6516,2
6517,2
6518,2
6519,2
6520,2
6521,2
6522,2
6523,2
6524,2
6525,2
6526,2
6527,2
6528,2
6529,5
6530,5
6531,5
6532,5
6533,5
6534,3
6535,5
6536,5
6537,5
6538,5
6539,4
6540,2
6541,5
6542,5
6543,5
6544,2
6545,5
6546,1
6547,0
6548,2
6549,2
6550,2
6551,2
6552,5
6553,2
6554,5
6555,5
6556,5
6557,5
6558,5
6559,5
6560,5
6561,5
6562,5
6563,5
6564,5
6565,2
6566,5
6567,5
6568,5
6569,2
6570,2
6571,2
6573,2
6574,2
6575,2
6576,2
6577,2
6578,5
6579,2
6580,0
6581,2
6582,2
6583,2
6584,0
6585,5
6587,5
6588,4
6589,2
6590,5
6591,5
6592,5
6593,3
6594,5
6595,5
6596,5
6597,5
6598,2
6599,2
6600,5
6601,5
6602,2
6603,5
6604,1
6605,0
6606,3
6607,2
6608,0
6609,2
6610,2
6611,2
6612,5
6613,5
6614,3
6615,5
6616,5
6617,0
6618,2
6619,2
6620,5
6621,5
6622,2
6623,0
6624,2
6625,2
6626,5
6627,1
6628,2
6629,2
6630,4
6631,4
6632,5
6633,0
6634,0
6635,0
6636,5
6637,5
6638,5
6639,2
6640,2
6641,4
6642,5
6643,5
6644,5
6645,5
6646,5
6647,5
6648,5
6649,5
6650,5
6651,5
6652,5
6653,2
6654,2
6655,2
6656,2
6657,2
6658,2
6659,5
6660,5
6661,5
6662,5
6663,5
6665,2
6666,2
6667,5
6668,5
6669,5
6670,5
6671,5
6672,5
6673,5
6674,1
6675,5
6677,5
6678,5
6679,5
6680,5
6682,4
6683,1
6684,5
6685,5
6686,5
6687,5
6688,3
6689,5
6690,2
6691,0
6692,5
6693,5
6694,5
6695,5
6696,2
6697,2
6698,3
6699,5
6700,5
6701,5
6702,5
6703,5
6704,5
6705,5
6707,5
6708,5
6709,5
6710,2
6711,5
6712,1
6713,5
6714,5
6715,5
6716,5
6717,3
6718,5
6719,4
6720,5
6721,2
6722,5
6723,1
6724,1
6725,5
6726,5
6727,5
6728,5
6729,5
6730,5
6731,5
6732,5
6733,5
6734,5
6735,5
6736,0
6737,5
6738,5
6739,5
6740,5
6741,5
6742,0
6743,2
6744,2
6745,2
6746,2
6747,2
6748,2
6749,2
6750,0
6751,2
6752,5
6753,2
6754,2
6755,2
6756,2
6757,2
6758,0
6759,5
6760,5
6761,5
6762,5
6763,5
6764,5
6765,5
6766,5
6767,5
6768,4
6769,2
6770,3
6771,2
6772,0
6773,3
6774,0
6775,3
6776,0
6777,2
6778,3
6779,2
6780,3
6781,2
6782,2
6783,5
6784,5
6785,4
6786,5
6787,5
6788,5
6789,5
6790,5
6791,5
6792,5
6793,2
6794,5
6795,1
6796,5
6797,4
6798,4
6799,3
6800,2
6801,2
6802,2
6803,2
6804,2
6805,2
6806,3
6807,5
6808,5
6809,5
6810,5
6811,5
6812,5
6813,5
6814,5
6815,5
6816,5
6817,5
6818,5
6819,4
6820,5
6821,5
6822,2
6823,2
6824,2
6826,2
6827,2
6828,1
6829,4
6830,2
6831,2
6832,5
6833,5
6834,5
6835,5
6836,5
6837,5
6838,5
6839,5
6840,5
6841,4
6842,5
6843,5
6844,5
6845,5
6846,5
6847,5
6848,4
6849,5
6850,5
6851,5
6852,5
6853,5
6854,5
6855,5
6856,5
6857,5
6858,5
6859,5
6860,2
6861,2
6862,2
6863,2
6864,2
6865,2
6866,2
6867,2
6868,2
6869,5
6870,2
6872,2
6873,2
6874,2
6875,2
6876,4
6877,3
6878,5
6879,5
6880,5
6881,5
6882,5
6883,5
6884,5
6885,5
6886,5
6887,5
6888,5
6889,5
6890,5
6891,5
6892,2
6893,2
6894,2
6895,2
6896,5
6897,5
6898,5
6899,5
6900,5
6901,5
6902,5
6903,5
6904,5
6905,2
6906,2
6907,2
6908,5
6909,4
6910,2
6911,2
6912,5
6913,2
6914,2
6915,2
6916,2
6917,5
6918,5
6919,5
6920,5
6921,5
6922,5
6923,4
6924,2
6925,2
6926,2
6927,4
6928,5
6929,1
6930,5
6931,2
6932,5
6933,5
6934,5
6935,5
6936,5
6937,5
6938,5
6939,5
6940,5
6941,5
6943,5
6944,5
6945,5
6946,5
6947,5
6948,5
6949,5
6950,5
6951,5
6952,5
6953,4
6954,5
6955,5
6956,5
6957,5
6958,2
6959,2
6960,5
6961,5
6962,5
6963,5
6965,4
6966,5
6967,5
6968,5
6969,5
6970,5
6971,5
6972,5
6973,5
6974,5
6975,5
6976,5
6977,5
6978,5
6979,5
6980,4
6981,5
6982,5
6983,5
6984,5
6985,5
6986,5
6987,3
6988,5
6989,5
6990,5
6991,5
6992,5
6993,5
6994,5
6995,5
6996,5
6997,5
6998,2
6999,2
7000,2
7001,2
7002,1
7003,2
7004,2
7005,2
7006,2
7007,2
7008,2
7009,5
7010,5
7011,5
7012,5
7013,5
7015,4
7016,5
7017,5
7018,5
7019,4
7020,4
7021,4
7022,5
7023,2
7024,2
7025,2
7026,5
7027,5
7028,5
7029,5
7030,2
7031,2
7032,2
7033,2
7034,2
7035,2
7036,5
7037,2
7038,0
7039,2
7040,2
7041,5
7042,4
7043,0
7044,2
7045,0
7046,2
7047,2
7048,2
7049,0
7050,2
7051,2
7052,2
7053,5
7054,2
7055,1
7056,5
7057,4
7058,5
7059,5
7060,4
7061,5
7062,2
7063,2
7064,2
7065,2
7066,5
7067,4
7068,5
7069,5
7070,5
7071,2
7072,2
7073,2
7074,2
7075,2
7076,4
7077,2
7078,2
7079,2
7080,5
7081,5
7082,5
7083,5
7084,4
7085,5
7086,2
7087,5
7088,4
7089,0
7090,0
7091,0
7092,0
7093,5
7094,3
7095,2
7096,1
7097,1
7098,2
7099,5
7100,5
7101,4
7102,5
7103,5
7104,5
7105,5
7106,5
7107,5
7108,5
7109,2
7110,2
7111,2
7112,5
7113,2
7114,2
7115,2
7116,2
7117,2
7118,2
7119,2
7120,2
7121,5
7122,2
7123,2
7124,2
7125,2
7126,2
7127,2
7128,2
7129,2
7130,5
7131,5
7132,2
7133,5
7134,2
7135,2
7136,5
7137,5
7138,5
7139,5
7140,5
7141,5
7142,5
7143,5
7144,5
7145,5
7146,5
7147,5
7148,5
7149,5
7150,5
7151,5
7152,5
7153,5
7154,5
7155,5
7156,5
7157,0
7158,5
7159,4
7160,5
7161,2
7162,5
7163,5
7164,5
7165,5
7166,5
7167,2
7168,2
7169,5
7170,5
7171,5
7172,5
7173,5
7174,4
7175,4
7176,5
7177,5
7178,5
7179,2
7180,5
7181,5
7182,0
7184,4
7185,2
7186,0
7187,5
7188,5
7189,5
7190,5
7191,5
7192,2
7193,4
7194,5
7195,4
7196,2
7197,5
7198,4
7199,5
7200,4
7201,4
7202,2
7203,2
7204,4
7205,5
7206,5
7207,1
7208,2
7209,4
7210,5
7211,5
7212,5
7213,5
7214,5
7215,4
7216,5
7217,0
7218,5
7219,4
7220,4
7221,5
7222,5
7223,4
7224,4
7225,2
7226,2
7227,4
7228,4
7229,2
7230,5
7231,2
7232,5
7233,0
7234,4
7235,2
7236,5
7237,2
7238,4
7239,4
7240,5
7241,2
7242,5
7243,5
7244,5
7245,5
7246,5
7247,3
7248,5
7249,5
7250,5
7251,5
7252,2
7253,2
7254,2
7255,2
7256,2
7257,2
7258,2
7259,2
7261,5
7262,5
7263,4
7264,4
7265,2
7266,2
7267,2
7268,2
7269,5
7270,2
7271,5
7272,5
7273,2
7274,4
7275,1
7276,2
7277,2
7278,5
7279,2
7280,2
7281,2
7282,0
7283,2
7284,2
7285,2
7286,5
7287,5
7288,5
7289,5
7290,5
7291,2
7292,1
7293,0
7294,0
7295,5
7296,5
7297,5
7298,2
7299,2
7300,5
7301,5
7302,5
7303,5
7304,5
7305,5
7306,2
7307,2
7308,2
7309,2
7310,5
7311,5
7312,5
7313,5
7314,5
7315,5
7316,5
7317,5
7318,5
7319,5
7320,4
7321,3
7322,5
7323,5
7324,5
7325,5
7326,5
7327,5
7328,5
7329,2
7330,2
7331,5
7332,5
7333,5
7334,5
7335,5
7336,5
7337,5
7338,5
7339,5
7340,5
7341,5
7342,5
7343,5
7344,5
7345,5
7346,4
7347,4
7348,5
7349,5
7350,5
7351,5
7352,5
7353,5
7354,4
7355,5
7356,5
7357,5
7358,4
7359,5
7360,5
7361,2
7362,5
7363,4
7364,5
7365,5
7366,5
7367,5
7368,5
7369,5
7370,5
7371,4
7372,2
7373,2
7374,5
7375,2
7376,2
7377,2
7378,0
7379,2
7380,0
7381,0
7382,0
7383,5
7384,4
7385,0
7386,2
7387,2
7388,0
7389,2
7391,5
7392,5
7393,2
7394,3
7395,5
7396,5
7397,5
7398,5
7399,5
7400,5
7401,5
7402,5
7403,5
7404,5
7405,5
7406,5
7407,5
7408,5
7409,5
7410,5
7411,4
7412,5
7413,5
7414,5
7415,5
7416,4
7417,5
7418,5
7419,5
7420,5
7421,5
7422,5
7423,5
7425,5
7426,5
7427,5
7428,5
7429,5
7430,5
7431,5
7432,5
7433,5
7434,2
7435,2
7436,2
7437,5
7438,5
7439,5
7440,5
7441,5
7442,5
7443,5
7444,5
7445,5
7446,5
7447,5
7448,5
7449,5
7450,5
7451,5
7452,5
7453,5
7454,5
7455,5
7456,2
7457,5
7458,2
7459,2
7460,5
7461,2
7462,4
7463,5
7464,2
7465,5
7466,4
7467,4
7468,5
7469,5
7470,2
7471,2
7472,5
7473,2
7474,2
7475,2
7476,5
7477,5
7478,5
7479,3
7480,5
7481,5
7482,3
7483,5
7484,5
7485,5
7486,5
7487,5
7488,5
7489,5
7490,5
7491,5
7492,5
7493,5
7494,5
7495,5
7496,5
7497,4
7498,1
7499,5
7501,5
7502,5
7503,5
7504,5
7505,4
7506,5
7507,1
7508,2
7509,2
7510,5
7511,5
7512,5
7513,5
7514,5
7515,5
7516,5
7517,5
7518,4
7519,4
7520,5
7521,2
7522,5
7523,2
7524,5
7525,5
7526,5
7527,3
7528,5
7529,5
7530,5
7531,5
7532,4
7533,2
7534,5
7535,5
7536,5
7537,5
7538,2
7539,5
7540,5
7542,4
7543,5
7544,5
7545,5
7546,5
7547,5
7548,4
7549,5
7550,5
7551,5
7552,5
7553,5
7554,5
7555,5
7557,2
7558,2
7559,2
7560,2
7561,2
7562,2
7563,2
7564,2
7565,2
7566,2
7567,2
7568,2
7569,2
7570,1
7571,2
7572,2
7573,2
7574,2
7575,5
7576,5
7577,5
7578,5
7579,2
7580,2
7581,5
7582,2
7583,2
7584,5
7585,5
7586,4
7587,5
7588,5
7589,5
7590,2
7591,2
7592,1
7593,5
7594,2
7595,4
7596,5
7597,1
7598,0
7599,2
7600,5
7601,5
7603,5
7604,5
7605,5
7606,5
7607,5
7608,4
7609,4
7610,2
7611,0
7612,2
7613,5
7614,0
7615,5
7616,5
7617,5
7618,2
7619,5
7620,5
7621,5
7622,5
7623,4
7624,5
7625,5
7626,5
7627,4
7628,2
7629,2
7630,2
7632,5
7633,5
7634,4
7635,5
7636,5
7637,5
7638,5
7639,5
7640,5
7641,4
7642,5
7643,5
7644,5
7645,2
7646,5
7647,5
7648,5
7649,2
7650,5
7651,5
7652,3
7653,0
7654,5
7655,5
7656,5
7657,5
7658,3
7659,5
7660,2
7661,5
7662,2
7663,4
7664,2
7665,5
7666,0
7667,0
7668,2
7669,2
7670,2
7671,5
7672,5
7674,2
7675,2
7676,2
7677,2
7678,5
7679,2
7680,5
7681,5
7682,2
7683,2
7684,2
7685,2
7686,0
7687,2
7688,2
7689,2
7690,5
7691,2
7692,2
7693,2
7694,2
7695,4
7696,2
7697,5
7698,5
7699,5
7700,5
7701,5
7702,5
7703,5
7704,5
7705,5
7706,5
7707,5
7708,5
7710,5
7711,2
7712,5
7713,2
7714,4
7715,5
7716,5
7717,5
7718,5
7719,2
7720,2
7721,2
7722,2
7723,2
7724,2
7725,2
7726,2
7727,2
7728,4
7729,4
7730,5
7731,5
7732,5
7733,2
7734,5
7735,2
7736,5
7737,5
7738,0
7739,5
7740,5
7741,2
7742,1
7743,5
7744,4
7745,5
7746,5
7747,2
7748,5
7749,2
7750,2
7751,2
7752,2
7753,2
7754,2
7755,2
7756,2
7757,2
7758,2
7759,2
7760,5
7761,5
7762,5
7763,2
7764,2
7765,2
7767,5
7768,2
7769,2
7770,2
7771,2
7772,5
7773,5
7774,5
7775,1
7776,5
7777,2
7778,2
7779,2
7780,2
7781,2
7782,2
7783,2
7784,2
7785,2
7786,2
7787,2
7788,2
7789,0
7790,2
7791,2
7792,2
7793,2
7794,2
7795,0
7796,2
7797,2
7798,2
7799,5
7800,5
7801,2
7802,1
7803,2
7804,5
7805,2
7806,5
7807,2
7808,2
7809,2
7810,4
7811,3
7812,5
7813,2
7814,2
7815,2
7816,0
7817,2
7818,5
7819,5
7821,2
7822,2
7823,4
7824,5
7825,5
7826,5
7827,5
7828,5
7830,5
7831,5
7832,5
7833,5
7834,5
7835,2
7836,5
7837,4
7838,2
7839,3
7840,5
7841,5
7842,5
7843,5
7844,5
7845,5
7846,5
7847,5
7848,4
7849,5
7850,5
7851,5
7852,4
7853,1
7854,5
7855,5
7856,5
7857,5
7858,5
7859,5
7860,5
7861,5
7862,5
7863,5
7864,5
7865,5
7866,5
7867,5
7868,4
7869,5
7870,5
7871,5
7873,5
7874,5
7875,5
7876,5
7877,5
7878,2
7879,2
7880,5
7881,4
7882,3
7883,2
7884,4
7885,4
7886,2
7887,5
7888,0
7889,2
7890,2
7891,5
7892,5
7893,5
7894,5
7895,5
7896,5
7897,5
7899,0
7900,2
7901,5
7902,2
7904,5
7906,5
7907,5
7908,2
7909,2
7910,2
7911,2
7912,2
7913,5
7915,5
7916,5
7917,5
7918,5
7919,5
7920,5
7921,5
7922,5
7923,5
7924,5
7925,5
7926,5
7927,5
7928,5
7929,5
7930,5
7931,5
7932,5
7933,5
7934,5
7935,5
7936,5
7937,5
7938,5
7939,2
7940,5
7941,4
7942,4
7943,5
7944,4
7945,5
7946,0
7947,4
7948,2
7949,2
7950,5
7951,4
7952,2
7953,2
7954,0
7955,2
7956,2
7957,5
7958,5
7959,5
7960,5
7961,5
7962,5
7963,5
7966,5
7967,4
7968,0
7969,4
7970,2
7971,2
7972,5
7973,4
7974,2
7975,4
7976,5
7977,4
7978,5
7979,2
7980,2
7981,2
7982,2
7983,4
7984,5
7985,5
7986,5
7987,5
7988,5
7989,5
7990,1
7991,5
7992,5
7993,2
7994,5
7995,2
7996,4
7997,4
7998,5
7999,5
8000,5
8001,5
8002,2
8003,0
8004,2
8005,2
8006,5
8007,2
8008,5
8009,2
8010,2
8011,2
8012,1
8013,2
8014,1
8015,2
8016,2
8017,2
8018,2
8019,2
8020,2
8021,1
8022,5
8023,2
8024,4
8025,0
8026,2
8027,2
8028,5
8030,3
8032,3
8033,3
8034,4
8036,3
8037,3
8038,2
8039,5
8040,2
8041,2
8042,2
8043,2
8044,2
8045,2
8046,0
8047,4
8048,2
8049,0
8050,2
8051,2
8052,2
8053,2
8054,2
8055,2
8056,2
8057,5
8058,4
8059,2
8060,2
8061,5
8062,5
8063,5
8064,5
8065,2
8066,5
8067,4
8068,2
8069,2
8070,2
8071,2
8072,2
8073,2
8074,2
8075,5
8076,2
8077,5
8078,5
8079,5
8080,5
8081,5
8082,5
8083,5
8084,5
8085,5
8086,3
8087,5
8088,5
8089,2
8090,2
8091,2
8092,2
8093,2
8094,5
8095,2
8096,2
8097,2
8098,2
8099,5
8100,1
8101,2
8102,1
8103,5
8104,2
8105,2
8107,5
8108,0
8109,2
8110,4
8111,2
8112,2
8113,5
8114,2
8115,2
8116,2
8117,2
8118,4
8119,2
8120,2
8121,0
8122,1
8123,2
8124,2
8125,2
8126,2
8127,2
8128,5
8129,2
8130,2
8131,2
8132,2
8133,2
8134,2
8135,2
8136,2
8137,2
8138,2
8139,2
8140,2
8141,2
8142,2
8143,0
8144,2
8145,2
8146,2
8147,5
8148,0
8149,3
8150,3
8151,2
8152,2
8153,2
8154,0
8155,1
8156,2
8157,2
8158,5
8159,5
8160,3
8161,2
8162,2
8163,0
8164,0
8165,2
8166,2
8168,2
8169,2
8170,2
8171,2
8172,2
8173,2
8174,2
8175,2
8176,5
8177,4
8178,4
8179,0
8180,5
8181,2
8182,5
8183,5
8184,5
8185,5
8186,2
8187,2
8188,1
8189,0
8190,5
8191,5
8192,5
8193,5
8194,1
8196,5
8197,5
8198,5
8199,5
8200,5
8201,2
8202,2
8203,2
8204,2
8205,5
8206,5
8207,5
8208,2
8209,5
8210,5
8211,5
8212,2
8213,0
8214,2
8215,2
8216,5
8217,5
8218,5
8219,5
8220,5
8221,2
8223,2
8224,1
8225,5
8226,5
8227,5
8228,5
8229,4
8230,5
8231,5
8232,4
8233,5
8234,5
8235,2
8236,0
8237,5
8238,5
8239,5
8240,5
8241,5
8242,5
8243,5
8244,5
8245,5
8246,4
8247,4
8248,5
8249,5
8250,5
8252,5
8253,5
8254,5
8255,5
8256,5
8257,5
8258,5
8259,5
8260,3
8261,5
8262,5
8263,5
8265,5
8266,5
8267,5
8268,4
8270,5
8272,5
8273,5
8274,5
8275,2
8276,5
8277,2
8278,4
8279,5
8280,2
8281,4
8282,5
8283,5
8284,5
8285,5
8286,5
8287,5
8288,5
8289,5
8290,4
8291,2
8292,0
8293,4
8294,4
8295,2
8296,0
8297,2
8298,3
8299,2
8300,2
8301,2
8302,2
8303,2
8304,3
8305,0
8306,5
8307,4
8308,5
8309,2
8310,0
8311,4
8312,5
8313,4
8314,2
8316,2
8317,2
8318,2
8319,2
8320,2
8321,2
8322,5
8323,5
8324,5
8325,2
8326,2
8327,5
8328,2
8329,3
8330,2
8332,2
8333,2
8334,2
8335,5
8336,5
8337,5
8338,5
8339,2
8340,2
8341,2
8342,1
8343,5
8344,2
8345,2
8346,1
8347,5
8348,2
8349,2
8350,2
8351,2
8352,2
8353,2
8354,2
8355,2
8356,5
8357,5
8358,5
8359,5
8360,5
8361,2
8362,5
8363,5
8364,5
8365,2
8366,2
8367,2
8368,5
8369,2
8370,5
8371,4
8372,4
8373,5
8374,5
8375,4
8376,5
8377,5
8378,5
8379,3
8380,5
8381,2
8382,3
8383,0
8384,5
8386,3
8387,2
8388,2
8389,2
8390,2
8391,2
8392,2
8393,2
8394,4
8395,2
8396,0
8397,2
8398,2
8399,2
8400,5
8401,0
8402,2
8403,2
8404,2
8405,2
8406,2
8407,2
8408,2
8409,2
8410,2
8411,2
8412,2
8413,2
8414,2
8415,2
8416,2
8417,5
8418,5
8419,5
8420,2
8421,2
8422,5
8423,4
8424,2
8425,2
8427,2
8428,2
8429,3
8430,2
8431,3
8432,0
8433,4
8434,2
8436,5
8437,5
8438,5
8439,2
8440,2
8441,2
8442,5
8443,2
8444,5
8445,5
8446,3
8447,4
8448,4
8449,5
8450,4
8451,4
8452,3
8453,3
8454,4
8455,4
8456,4
8457,5
8458,2
8459,2
8460,2
8461,2
8462,2
8463,2
8464,2
8465,2
8466,2
8467,2
8468,5
8469,4
8470,2
8471,1
8472,0
8473,2
8474,5
8475,5
8476,4
8477,5
8479,5
8480,2
8481,2
8482,2
8483,2
8484,2
8485,3
8487,4
8488,5
8489,5
8490,2
8491,2
8492,2
8493,5
8494,5
8495,3
8496,5
8497,5
8498,5
8499,5
8500,5
8501,5
8502,2
8503,5
8504,2
8505,2
8506,0
8507,5
8508,5
8509,5
8510,5
8511,4
8512,5
8513,5
8514,5
8515,5
8516,5
8517,5
8519,5
8520,5
8521,5
8522,5
8523,5
8524,5
8525,5
8526,5
8527,5
8528,5
8529,5
8530,5
8531,5
8532,5
8533,5
8534,5
8535,5
8536,5
8537,5
8538,5
8539,5
8540,5
8541,3
8542,2
8543,2
8544,2
8545,2
8546,2
8547,5
8548,2
8549,2
8550,2
8551,4
8552,2
8553,5
8554,5
8555,5
8556,4
8557,5
8558,5
8560,5
8561,5
8562,5
8563,5
8564,5
8565,5
8566,5
8567,5
8568,2
8569,2
8570,2
8571,2
8572,2
8573,4
8574,5
8575,1
8576,2
8577,2
8578,2
8579,5
8580,4
8581,5
8582,4
8583,5
8584,5
8585,2
8586,5
8587,5
8588,5
8589,5
8590,5
8591,5
8592,5
8593,0
8594,1
8595,4
8596,5
8597,5
8598,5
8599,5
8600,5
8601,5
8602,5
8603,5
8604,5
8605,5
8606,5
8607,5
8608,5
8609,5
8610,5
8611,5
8612,5
8613,5
8614,5
8615,5
8616,5
8617,5
8618,5
8619,5
8620,5
8621,5
8622,5
8623,5
8624,5
8625,5
8626,5
8627,5
8628,5
8630,3
8631,4
8632,5
8633,5
8634,5
8635,5
8636,2
8637,2
8638,2
8639,2
8640,2
8641,5
8642,5
8643,2
8644,5
8645,5
8646,4
8647,5
8648,5
8649,5
8650,5
8651,3
8652,5
8653,5
8654,5
8655,5
8656,5
8657,5
8658,5
8659,5
8660,4
8661,2
8662,2
8663,5
8664,2
8665,2
8666,5
8667,5
8668,5
8669,2
8670,2
8671,5
8672,3
8673,5
8674,2
8675,2
8676,5
8677,2
8678,2
8679,4
8680,2
8681,2
8682,5
8683,4
8684,5
8685,5
8686,4
8687,5
8688,2
8689,4
8690,4
8691,5
8692,5
8693,5
8694,5
8695,4
8696,2
8697,2
8698,2
8699,2
8700,5
8701,2
8702,2
8703,2
8704,4
8705,5
8706,5
8707,5
8708,4
8709,5
8710,2
8711,3
8712,3
8713,5
8714,2
8715,2
8716,5
8718,5
8719,2
8720,4
8721,5
8722,4
8723,5
8724,5
8725,5
8726,5
8727,5
8728,5
8729,5
8730,4
8731,4
8732,4
8733,5
8734,4
8735,4
8736,2
8737,5
8738,4
8739,5
8740,5
8741,5
8742,5
8743,0
8744,5
8745,5
8746,5
8747,5
8748,5
8749,5
8750,2
8751,5
8752,4
8753,5
8754,5
8755,0
8756,0
8757,5
8758,4
8759,5
8760,2
8761,2
8762,2
8763,2
8764,5
8765,2
8766,5
8767,5
8768,5
8769,5
8770,5
8771,4
8772,4
8773,5
8774,2
8775,5
8776,2
8778,0
8779,2
8780,5
8781,5
8782,2
8783,2
8784,2
8785,2
8786,2
8787,2
8788,2
8789,2
8790,2
8791,2
8792,2
8793,2
8794,2
8795,5
8796,2
8797,5
8798,2
8799,2
8800,2
8801,2
8802,5
8803,4
8804,4
8805,2
8806,2
8807,2
8808,1
8809,2
8810,2
8811,2
8812,2
8813,2
8814,2
8815,2
8816,2
8817,2
8818,0
8819,2
8820,1
8821,5
8822,4
8823,5
8824,5
8825,1
8826,5
8827,5
8829,5
8830,5
8831,5
8832,5
8833,2
8834,2
8835,2
8836,4
8837,2
8838,2
8839,1
8840,2
8841,2
8842,2
8843,4
8844,2
8845,2
8846,2
8847,2
8848,2
8849,2
8850,2
8851,2
8852,2
8853,5
8854,4
8855,3
8856,5
8857,2
8858,5
8859,5
8860,5
8861,2
8862,5
8863,5
8864,5
8865,5
8866,4
8867,5
8868,5
8869,2
8870,2
8871,2
8872,2
8873,2
8874,2
8875,2
8877,2
8878,2
8879,2
8880,5
8881,5
8882,5
8883,0
8884,4
8885,5
8886,2
8887,5
8890,5
8891,5
8892,5
8893,5
8894,2
8895,2
8896,2
8897,2
8898,2
8899,5
8900,1
8901,5
8902,5
8903,5
8904,5
8905,4
8906,5
8907,5
8908,4
8909,5
8910,5
8911,5
8912,5
8913,5
8914,5
8915,5
8916,5
8917,1
8918,2
8919,5
8920,5
8921,2
8922,2
8923,2
8924,2
8925,4
8926,5
8927,5
8928,5
8929,5
8930,2
8931,5
8932,2
8933,5
8934,0
8935,0
8936,2
8937,1
8938,5
8939,2
8940,5
8941,2
8942,5
8943,5
8944,5
8945,5
8946,5
8947,5
8948,5
8949,2
8950,5
8951,5
8952,5
8953,5
8954,5
8955,5
8956,5
8957,5
8958,5
8959,5
8960,5
8961,2
8962,2
8963,5
8964,5
8965,5
8966,5
8967,5
8968,5
8969,5
8970,5
8971,5
8972,3
8973,5
8974,5
8975,5
8976,5
8977,5
8978,0
8979,0
8980,5
8981,5
8982,4
8983,5
8984,5
8985,4
8986,5
8987,5
8988,3
8989,0
8990,2
8991,2
8992,2
8993,2
8994,5
8995,5
8996,5
8997,5
8998,5
8999,1
9000,5
9001,4
9002,4
9003,5
9004,5
9005,5
9006,5
9007,5
9008,5
9009,4
9010,2
9011,2
9012,2
9013,5
9015,5
9016,4
9017,5
9018,5
9019,5
9020,5
9021,5
9022,2
9023,5
9024,5
9025,5
9026,5
9027,5
9028,5
9029,4
9030,5
9031,5
9032,5
9033,5
9034,5
9035,5
9036,5
9037,3
9038,5
9039,5
9040,3
9041,0
9042,0
9043,2
9044,4
9045,5
9046,5
9047,5
9048,5
9049,5
9050,5
9051,5
9052,5
9053,5
9054,2
9055,2
9056,4
9057,4
9058,2
9059,5
9060,2
9061,2
9062,5
9063,3
9064,3
9065,0
9066,2
9067,5
9068,5
9069,5
9070,5
9071,4
9072,1
9073,2
9074,2
9075,2
9076,1
9077,5
9078,1
9079,4
9080,2
9081,5
9082,2
9083,1
9084,3
9085,2
9086,5
9087,0
9088,5
9089,5
9091,2
9092,2
9093,4
9094,4
9095,5
9096,2
9097,2
9098,2
9099,5
9100,5
9101,2
9102,3
9103,0
9104,3
9105,3
9106,3
9107,3
9108,4
9109,5
9110,5
9111,4
9112,4
9113,5
9114,0
9115,3
9116,0
9117,0
9118,0
9119,5
9120,0
9121,3
9122,2
9123,2
9124,3
9125,0
9126,5
9127,2
9129,2
9130,0
9131,4
9132,5
9133,3
9134,3
9135,3
9136,3
9137,0
9138,4
9139,4
9140,3
9141,5
9142,4
9143,3
9144,5
9145,2
9146,2
9147,2
9148,0
9149,2
9150,5
9151,5
9152,4
9153,5
9154,2
9155,5
9156,5
9157,5
9158,5
9159,2
9160,0
9161,0
9162,2
9163,5
9164,5
9165,5
9166,5
9167,2
9168,2
9169,5
9170,5
9171,0
9172,2
9173,3
9174,0
9175,0
9176,0
9177,0
9179,5
9180,2
9181,2
9182,5
9183,2
9184,2
9185,5
9186,5
9187,5
9188,2
9189,2
9190,2
9191,2
9192,5
9193,5
9194,5
9195,5
9196,5
9197,2
9198,2
9199,2
9200,2
9201,2
9202,2
9203,2
9204,2
9205,2
9207,5
9208,5
9209,5
9210,4
9211,5
9212,4
9213,2
9214,4
9215,5
9216,2
9217,5
9218,5
9219,5
9220,5
9221,5
9222,5
9223,5
9224,5
9225,5
9226,5
9227,5
9228,5
9229,2
9230,5
9231,5
9232,2
9233,2
9234,2
9235,5
9236,5
9237,5
9238,5
9239,5
9240,2
9241,2
9242,5
9243,5
9244,5
9245,5
9246,5
9247,2
9248,5
9249,2
9250,5
9251,5
9252,5
9253,0
9254,5
9255,5
9256,5
9257,5
9258,5
9259,5
9260,5
9261,5
9262,5
9263,5
9264,5
9265,2
9266,2
9267,2
9268,5
9269,5
9270,2
9271,5
9272,5
9273,2
9274,3
9275,0
9276,0
9277,2
9278,0
9279,0
9283,3
9285,0
9286,0
9287,0
9288,0
9289,0
9291,3
9294,0
699,5
700,2
701,4
702,5
703,5
704,2
705,5
707,1
708,5
709,5
710,5
711,5
712,5
713,5
713,5
714,5
715,5
716,5
717,5
718,5
719,5
720,5
721,5
722,5
723,5
724,5
725,4
726,2
727,5
728,5
729,5
730,0
731,5
732,4
733,2
734,1
735,2
737,5
739,0
741,5
742,5
743,0
744,5
745,5
747,0
748,4
749,5
